CREATE DATABASE  IF NOT EXISTS `practicas` /*!40100 DEFAULT CHARACTER SET utf8mb3 */ /*!80016 DEFAULT ENCRYPTION='N' */;
USE `practicas`;
-- MySQL dump 10.13  Distrib 8.0.34, for Win64 (x86_64)
--
-- Host: localhost    Database: practicas
-- ------------------------------------------------------
-- Server version	8.0.34

/*!40101 SET @OLD_CHARACTER_SET_CLIENT=@@CHARACTER_SET_CLIENT */;
/*!40101 SET @OLD_CHARACTER_SET_RESULTS=@@CHARACTER_SET_RESULTS */;
/*!40101 SET @OLD_COLLATION_CONNECTION=@@COLLATION_CONNECTION */;
/*!50503 SET NAMES utf8 */;
/*!40103 SET @OLD_TIME_ZONE=@@TIME_ZONE */;
/*!40103 SET TIME_ZONE='+00:00' */;
/*!40014 SET @OLD_UNIQUE_CHECKS=@@UNIQUE_CHECKS, UNIQUE_CHECKS=0 */;
/*!40014 SET @OLD_FOREIGN_KEY_CHECKS=@@FOREIGN_KEY_CHECKS, FOREIGN_KEY_CHECKS=0 */;
/*!40101 SET @OLD_SQL_MODE=@@SQL_MODE, SQL_MODE='NO_AUTO_VALUE_ON_ZERO' */;
/*!40111 SET @OLD_SQL_NOTES=@@SQL_NOTES, SQL_NOTES=0 */;

--
-- Table structure for table `p_cargo_contacto`
--

DROP TABLE IF EXISTS `p_cargo_contacto`;
/*!40101 SET @saved_cs_client     = @@character_set_client */;
/*!50503 SET character_set_client = utf8mb4 */;
CREATE TABLE `p_cargo_contacto` (
  `id_cargo_contacto` int NOT NULL AUTO_INCREMENT,
  `nombre` varchar(450) NOT NULL,
  PRIMARY KEY (`id_cargo_contacto`)
) ENGINE=InnoDB AUTO_INCREMENT=150 DEFAULT CHARSET=utf8mb3;
/*!40101 SET character_set_client = @saved_cs_client */;

--
-- Dumping data for table `p_cargo_contacto`
--

LOCK TABLES `p_cargo_contacto` WRITE;
/*!40000 ALTER TABLE `p_cargo_contacto` DISABLE KEYS */;
INSERT INTO `p_cargo_contacto` VALUES (30,'GERENTE DE SELECCIÓN Y CONTRATACIÓN'),(31,'COORDINADOR TALENTO HUMANO SEDE '),(32,' TUTORA PRACTICANTES'),(33,'PSICOLOGA'),(34,'GENERALISTA DE CAPITAL HUMANO'),(35,'RECURSOS HUMANOS'),(36,'DIRECTORA DE SELECCIÓN Y DESARROLLO'),(37,'JEFE NACIONAL DE SELECCIÓN'),(38,'DIRECTORA NACIONAL DE TALENTO HUMANO'),(39,'JEFE DE NOMINA'),(40,'ANALISTA PROF. ADMÓN. DE PERSONAL'),(41,'JEFE RECURSOS HUMANOS'),(42,'JEFE DE RECURSOS HUMANOS'),(43,'HR ADVISOR'),(44,'COORDINADORA NACIONAL DE BIENESTAR Y CAPACITACIÓN'),(45,'COORDINADOR DE OPERACIONES'),(46,'ANALISTA'),(47,'JEFE DE ATRACCIÓN DEL TALENTO'),(48,'GESTIÓN DEL TALENTO HUMANO'),(49,'DIRECTOR DE PROTECCION AL CONSUMIDOR Y DATOS PERSONALES'),(50,'DIRECTORA SELECCIÓN Y DESARROLLO. VICEPRESIDENCIA DE RECURSOS HUMANOS'),(51,'GERENTE DE RECURSOS HUMANOS'),(52,'GERENTE ADMINISTRATIVO Y FINANCIEROS'),(53,'DIRECTORA ADMINISTRATIVA '),(54,'ANALISTA DE SELECCIÓN '),(55,'COORDINADORA DE SELECCIÓN Y DESARROLLO'),(56,'PSICOLOGA DE SELECCIÓN'),(57,'DIRECTORA'),(58,'HR MANAGER'),(59,'GERENTE GENERAL'),(60,'COORDINADOR DE PRÁCTICAS PROFESIONALES'),(61,'LIDER SENIOR ADMON'),(62,'COORDINADOR DE RECURSOS HUMANOS '),(63,'COORDINADORA DE GESTIÓN HUMANA'),(64,'CONTADOR PÚBLICO'),(65,'DIRECTORA GESTION HUMANA'),(66,'CONTADORA PUBLICA'),(67,'JEFE GESTION DEL TALENTO HUMANO'),(68,'LUISA PAJARO '),(69,'DIRECTORA DE TALENTO HUMANO'),(70,'GERENTE ADMINISTRATIVA Y FINANCIERA'),(71,'GERENTE Y REPRESENTANTE LEGAL '),(72,'JEFE FINANCIERO'),(73,'REPRESENTANTE LEGAL'),(74,'GERENTE GESTION HUMANA'),(75,'PROPIETARIA'),(76,'GERENTE'),(77,'GERENTE ADMINISTRATIVO Y COMERCIAL'),(78,'REPRESENTATE LEGAL'),(79,'GERENTE RH'),(80,'JEFE DE TALENTO HUMANO'),(81,'COORDINADOR TALENTO HUMANO'),(82,'LÍDER DE TALENTO HUMANO'),(83,'DIRECTOR DE PROCESO Y PRODUCTIVIDAD'),(84,'CONTADOR'),(85,'GERENTE DE TALENTO HUMANO'),(86,'ANALISTA DE ATRACCIÓN Y FIDELIZACIÓN'),(87,'COORDINADORA DE SELECCION'),(88,'HR REPRESENTATIVE'),(89,'TALENTO HUMANO'),(90,'SUBGERENTE SERVICIO'),(91,'CONTADORA'),(92,'COORDINADORA ADMINISTRATIVA'),(93,'JEFE DE PERSONAL'),(94,'GERENTE DE GESTION HUMANA'),(95,'JEFE DE CARTERA'),(96,'COORDINADOR LIBRANZA'),(97,'COORDINADOR DE CAPITAL HUMANO'),(98,'SUBGERENTE DE GESTION HUMANA'),(99,'DIRECTORA DE SUDAMÉRICA HISPANA'),(100,'JEFE DE GESTIÓN HUMANA'),(101,'JEFE ADMINISTRATIVA'),(102,'JEFE DE NOMINA Y ADMINISTRACIÓN DE PERSONAL'),(103,'COORDINADORA DE RECURSOS HUMANOS'),(104,'TALENT ACQUISITION SPECIALIST'),(105,'DIRECTORA DE RECURSOS HUMANOS'),(106,'DIRECTOR NACIONAL DE TALENTO HUMANO'),(107,'COORDINADOR REGISTRO Y CONTROL'),(108,'GERENTE ADMINISTRATIVA'),(109,'DIRECTORA COMERCIAL'),(110,'GERENTE FINANCIERO Y ADMINISTRATIVO'),(111,'DIRECTORA DE SELECCION'),(112,'JEFE DE CONTABILIDAD'),(113,'COORDINADOR DE CARTERA'),(114,'JEFE DE ADMINISTRACIÓN Y CONTABILIDAD'),(115,'ANALISTA SENIOR'),(116,'RESPRESENTANTE RECURSOS HUMANOS'),(117,'JEFE DE TALENTO Y CULTURA '),(118,'COORDINADORA DE TALENTO HUMANO'),(119,'DIRECTORA DE GESTIÓN HUMANA'),(120,'JEFE SELECCIÓN Y DESARROLLO'),(121,'HUMAN RESOURCES INTERNSHIP STUDENT'),(122,'SECRETARIA DE HACIENDA'),(123,'DIRECTORA O JEFE DEL ÁREA DE SOPORTE'),(124,'JEFE UNIDAD RIESGOS'),(125,'GENERALISTA DE RECURSOS HUMANOS'),(126,'ESPECIALISTA DE MESA DE SERVICIO'),(127,'GERENTE ADMINISTRATIVO'),(128,'COORDINADOR POSTVENTA'),(129,'ANALISTA DE CAPITAL HUMANO'),(130,'DIRECTOR DE TALENTO HUMANO Y BIENESTAR'),(131,'JEFE DE SISTEMAS INTEGRADOS Y TALENTO HUMANO'),(132,'FINANCIERA'),(133,'PROFESIONAL SENIOR TALENTO HUMANO '),(134,'LIDER DE NOMINA'),(135,'REPRESENTANTE LEGAL SUPLENTE'),(136,'COORDINADORA GESTION HUMANA'),(137,'ANALISTA DE RECURSOS HUMANOS'),(138,'GERENTE GENERAL Y REPRESENTATE LEGAL'),(139,'DIRECTOR DE TALENTO HUMANO'),(140,'DIRECTORA JURIDICA'),(141,'ANALISTA RRHH'),(142,'GERENTE CAPITAL HUMANO'),(143,'GERENTE ADMINISTRATIVO Y FINANCIERO'),(144,'REVISORA FISCAL'),(145,'DIRECTOR DE GESTIÓN HUMANA'),(146,'COORDINADOR FINANCIERO'),(147,'COORDINADORA'),(148,'REPRESENTANTE LEGAL-GERENTE'),(149,'JEFE ADMINISTRATIVA Y DE RECURSOS HUMANOS');
/*!40000 ALTER TABLE `p_cargo_contacto` ENABLE KEYS */;
UNLOCK TABLES;

--
-- Table structure for table `p_contacto`
--

DROP TABLE IF EXISTS `p_contacto`;
/*!40101 SET @saved_cs_client     = @@character_set_client */;
/*!50503 SET character_set_client = utf8mb4 */;
CREATE TABLE `p_contacto` (
  `id_contacto` int NOT NULL AUTO_INCREMENT,
  `id_cargo_contacto` int NOT NULL,
  `nombre` varchar(150) NOT NULL,
  `telefono` varchar(45) DEFAULT NULL,
  `celular` varchar(45) DEFAULT NULL,
  `email` varchar(450) DEFAULT NULL,
  PRIMARY KEY (`id_contacto`),
  KEY `fk_p_contacto_p_cargo_contacto1_idx` (`id_cargo_contacto`),
  CONSTRAINT `fk_p_contacto_p_cargo_contacto1` FOREIGN KEY (`id_cargo_contacto`) REFERENCES `p_cargo_contacto` (`id_cargo_contacto`)
) ENGINE=InnoDB AUTO_INCREMENT=204 DEFAULT CHARSET=utf8mb3;
/*!40101 SET character_set_client = @saved_cs_client */;

--
-- Dumping data for table `p_contacto`
--

LOCK TABLES `p_contacto` WRITE;
/*!40000 ALTER TABLE `p_contacto` DISABLE KEYS */;
INSERT INTO `p_contacto` VALUES (20,30,'ELIZABETH RUIZ','7246000 EXT 4372','7246000 EXT 4372','JOHN.GUERRERO@CHALVER.COM.CO'),(21,31,'PAULA ANDREA CARRILLO LEGUIZAMÓN ','2916520','2916520','PAULA.CARRILLO@UNIMINUTO.EDU'),(22,32,'DIANA BARRAGAN','3118999465','3118999465','DIANA.BARRAGAN@CLARO.COM.CO'),(23,33,'GERMAN DARIO LIS PIÑEROS/ ANGELICA PRIETO ASENSIO','7420100','0','PRACTICANTES.UNIVERSITARIOS@COLSUBSIDIO.COM'),(24,34,'LEIDY MANRIQUE','3112966122','3112966122','LEIDY.MANRIQUE@ESPUMLATEX.COM'),(25,35,'KAREN SALCEDO LASCARRO','0','3123107991','KVSALCEDO@EULEN.COM'),(26,36,'GLADYS BOHORQUEZ PIÑEROS','5082230','0','GLADYSB@COLEGIOMINUTODEDIOS.EDU.CO'),(27,37,'LUCY ESPERANZA REY','6579797','3203820921','LUCY.REY@CENCOSUD.COM.CO'),(28,38,'CAROLINA MARTINEZ ALBARRACIN','2541050','0','CAROLINA.MARTINEZ@KOBA-GROUP.COM'),(29,39,'YANIRY ARIZA','2591111','0','ERWIN@AUTONAL.COM'),(30,40,'JAROL ANDRES MUNEVAR BENAVIDES','7420800','7420800','DLATORRE@NEXABPO.COM'),(31,41,'LUZ STELLA MARTINEZ','3225086142','3225086142','JENIFERALEJANDRA.NUNEZ@DOMINION-GLOBAL.COM'),(32,42,'LAURA ANDREA MARTINEZ','4120911','3208382901','INFO@LABORATORIOSDEMAC.COM'),(33,43,'MARIA CLARO PACHECO','3118663679','3118663679','MARIA.CLARO@STORK'),(34,44,'PATRICIA QUINTANA','5608853','113','BIENESTAREYM@ESPACIOYMERCADEO.COM.CO'),(35,45,'HEIDER AUGUSTO LEON OSPINA','3176382897','3164220409','OPERACIONESZF@GRUPOALCOMEX.COM'),(36,46,'ANDREA REYES','3112242640','3112242640','ANDREAR.ATENTO21@GMAIL.COM'),(37,47,'SANDRA PAOLA PARDO VELASQUEZ','0','3142747515','SANDRA.PARDO@WOM.CO'),(38,48,'ELIANA XIMENA OME BERMEO','6501050 EXT 803056','501050 EXT 803056','ELIANA.OME@PICHINCHA.COM.CO'),(39,49,'ADOLFO CACERES/ LYDA OCAMPO','3139300','0','ADOLFO.CACERES@BANCAMIA.COM.CO; LIDA.OCAMPO@BANCAMIA.COM.CO'),(40,50,'MARCELA DURAN BARRERO','7464000','16819','DDURAN@BANCODEOCCIDENTE.COM.CO'),(41,51,'HECTOR VARELA','7420625','3118251798','VIVIANA.RUBIANO@XDC.COM.CO'),(42,52,'SONIA LUCIA SOLARTE GUERRERO','3603666','3603666','CONTADOR1.AP@ORGANIZACIONSOLARTE.COM'),(43,53,'GINA ACOSTA','3133947676','3133947676','GINA.ACOSTA@SSSS.COM.CO'),(44,54,'VANESA RUIZ OROZCO ','3212466788','3212466788','GINA.RUIZ@JUANVALDEZCAFE.COM '),(45,55,'ALEJANDRA LÓPEZ CALLEJAS','3257500 EXT. 2568','3257500 EXT. 2568','ALEJANDRA.LOPEZC@USA.EDU.CO'),(46,56,'ESTEFANIA ZULUAGA OCAMPO','3205608385','3205608385','E.ZULUAGAOCAMPO@LGE.COM'),(47,57,'JOHANA JIMENEZ','3115121712 - 3046427692','3168756748','DELAMANOPORUNACOLOMBIAMEJOR@GMAIL.COM'),(48,58,'CATHERINE MARTINEZ CASTILLO','3173635061','3173635061','YOLANDA.MARTINEZ@BCW-GLOBAL.COM'),(49,59,'MIGUEL ANGEL GONZALEZ','3162737878','3162737878','GERENCIA@PANDALATINA.COM'),(50,60,'FRANZ REYES PEÑA','3186058048','3186058048','COORPRACTICAS@FUNSINAPSIS.COM'),(51,61,'DAISY MILENA MARTÍNEZ LIZCA','3112209152','3166227419','DAISYMILENA.MARTINEZLIZCA@EXT.CEMEX.COM'),(52,62,'JESUS ACUÑA VELASQUEZ','7444544','3208841529','TALENTOHUMANO@IENEWLINE.COM'),(53,63,'ERICA ACEVEDO ZAPATA','3122263420','3122263420','ERIKA.ACEVEDO@JUJU.COM.CO'),(54,64,'DANIELA MARTINEZ SARMIENTO','5472876','3157406381','JEISON.ROMERO@OPTICACOLOMBIANA.COM'),(55,65,'SANDRA PATRICIA HERRERA','6683030','3102369684','GRCHIA@GRCHIA.COM'),(56,59,'FREDY ARCANGEL CHAVEZ SANCHEZ','3142189001','3142189001','AUTORINES3@GMAIL.COM'),(57,66,'MARITZA MENDEZ GOZALEZ','3582511','3152421197','CONTABILIDAD.ADMIRALTY@GMAIL.COM'),(58,67,'DIANA MARCELA BALLEN','3904751','3107677277','COMUNICACIONES@SPGC.COM.CO'),(59,68,'LAURA VALENTINA JARAMILLO PALACIOS ','4321400','3008429943','LAURA.JARAMILLO-P@UNIMINUTO.EDU.CO'),(60,69,'ANA MARIA LAMBIS','(605) 3161522','3045401564','ANA.LAMBIS@TISSINI.COM'),(61,70,'CAROL YAZMIN CALDAS ESPITIA','3175169406','3175169406','CCALDAS@CONFITECA.COM.CO'),(62,71,'GLORIA AMALIA MEDINA GOMEZ','6013576725','3227585957','EDITORIALELBUHO@GMAIL.COM'),(63,72,'MARIA ROSALBA PEÑA RUIZ','7445000','3158994922','DIRECTOR.FINANCIERO@UNATRANS.COM'),(64,73,'JOSE EDGAR RODRIGUEZ BENITEZ','7036712','3102261694','RYRPROFESIONALESASOCIADOS@HOTMAIL.COM'),(65,74,'PILAR TERESA ROJAS','3649700','0','PRUBIO@KIA.COM.CO'),(66,75,'BLANCA NELLY GUERRERO MORA','6946060','3125873190','BLANCANELLYG25@GMAIL.COM'),(67,76,'DOLLY CENTENO GONZALEZ','3102839217','3102839217','FABRICADECASETONDC@HOTMAIL.COM'),(68,59,'OLMEDO PARRA VELASQUEZ','6353692','3118112724','PRGLTDA@YAHOO.COM'),(69,77,'JAINIBER ALEJANDRO CORREA','6300567','3115132673','INV.BACO.SAS@GMAIL.COM'),(70,59,'ALVARO ANDRES SANCHEZ QUIROZ','7027235','3155080808','GERENCIA-BOGOTA@SUPLIMED.COM.CO'),(71,78,'CRISTIAN CAMILO PEDRAZA GIRALDO','9278178','3225152164','ADMINISTRATIVO@PYGACCOUNTING.COM'),(72,79,'SANDRA CAROLINA GALLEGO BIAGI','3164218841','3164218841','S.GALLEGO@DYNINNO.COM'),(73,80,'VICTOR MANUEL YELA LOPEZ','8219898','3162666243','JAZMIN.CALDERON@ERAZOVALENCIA.COM.CO'),(74,81,'IVAN DAVID ALBA','7561338','3158939797','CONTADOR@ULAIDIOMAS.EDU.CO'),(75,70,'ANA MILENA CHAVES RIVERA','6916391','3174349893','NOTIFICACIONES@THEPUB.COM.CO'),(76,82,'MARÍA ISABEL SUÁREZ MEDINA','6211747','3107747658','IOVIEDO@CANACOLENERGY.COM'),(77,83,'OSCAR PARDO','6447700','1310','OPARDO@ALIANZA.COM.CO'),(78,84,'JOSE FABIAN FRANCO GOMEZ','6292991','3165233394','RECURSOSHUMANOS@BANCODECELULAS.COM'),(79,64,'HANISE CHAVES RODRIGUEZ','3214797248','3214797248','CONTADOR@INSETRANSA.COM'),(80,42,'ADRIANA POSADA RODRIGUEZ','4212311','136','APOSADA@TEXTILESVELANEX.COM'),(81,85,'JHONNY ALEXANDER MARIN QUESADA','6059000','0','CONTACTO@CROWE.COM.CO'),(82,51,'PAULA ANDREA ZULUAGA DUQUE','7941793','3174412790','PAULA.ZULUAGA@WORLEY.COM'),(83,54,'KAREN TOLE AGUIRRE','4049080','4049080','KAREN.TOLE@TELEPERFORMANCE.COM'),(84,86,'LILIANA LARRAÑAGA ALBARRACÍN','6466060','5711574','MLLARRANAGA@COLSANITAS.COM'),(85,87,'DIANA SALINAS PARRA','7452121','3214996859','SELECCION@COLSERAUTO.COM'),(86,88,'DANIELA LUGO','6687860','316253 9512','DLUGO3@SLB.COM'),(87,89,'GINA JANNETH CHAPPE','3581600','0','OVEGA@HABITATBOGOTA'),(88,90,'JAIRO CORZO','3164657073','0','JAIRO.CORZO@SIIGO.COM'),(89,76,'SANDRA YANETH GONZÁLEZ LÓPEZ','7393900','7393900','DIRECCIONADMINISTRATIVA@COOPROFESORESUN.COOP'),(90,91,'ROSMARY VALERO','4377150','0','ROSMARYVALERO@SEC.ORG.CO'),(91,92,'ANDREA AVENDAÑO OSORIO','2317838','3124824082','ANDREA.AVENDANO@BOMBASYMONTAJES.COM'),(92,91,'JENY PAOLA APONTE','5405094','3185577509','CONTABILIDAD@MAQUITECDECOLOMBIA.COM'),(93,73,'JESUS DAVID GIRALDO GOMEZ','4674387','3043982855','MOBILECONEXION@HOTMAIL.COM'),(94,93,'FREDY ALBERTO FLOREZ O.','6204060','3212533661','OIMTESORERIA@HOTMAIL.COM'),(95,73,'DANIEL FERNANDO RUSSI PUENTES','6027232234','3114209991','SUPREMECO.GERENCIA@GMAIL.COM'),(96,94,'ALEXANDRA SERRANO BUENO','19172172','3153568794','ASERRANO@MIHHGS.COM'),(97,30,'GERMAN PRIETO','2368047','0','GERMAN.PRIETO@FUSIONTELECOMUNICACIONES.COM'),(98,95,'LILIANA GARCIA','4233360','3142185956','LILIANA.G@LABORATORIOSMART.COM'),(99,76,'JORGE ELIECER CASTILLO MALAGON','2213596','3123069222','SIGRAFIL10@GMAIL.COM'),(100,96,'EDUARDO ANDRES AVILA PRIETO','7422400','3143681320','EDUARDO.AVILA@GIROSYFINANZAS.COM'),(101,97,'JOHN CARLOS MOGOLLON','3819026','0','NELSON.MARTINEZ@IECISA.COM'),(102,98,'YARITZA YASMIN AGUILAR ABREGO','6013286000','6013286000','ATENCION_COL@LAHIPOTECARIA.COM'),(103,99,'OLGA LUCIA ARISTIZABAL','3219048890','3219048890','ANALISTA-RH@BOSTONMEDICAL.COM.CO'),(104,80,'PILAR VARGAS AGON','6437277','3154641173','JEFEGESTIONHUMANA@ENLACEE.COM'),(105,100,'CLAUDIA PATRICIA RODRIGUEZ CASTILLO','7799030','3506481321','GESTIONHUMANA@INTECPLAST.COM.CO'),(106,53,'ENILSA ACOSTA ALBA','7218150','3194969097','Y.RAMOS@GRUPPOAVAR.COM'),(107,101,'NOHORA RUBIO VELARDE','3187130200','3137500','NRUBIO@ASFICREDITO.COM'),(108,80,'INGRIT ARDILA PEDRAZA','6684343','3152932755','INGRIT.ARDILA@EIASA.COM.CO'),(109,102,'DERY JULIANA CARRILLO GOMEZ','7050000','3158395183','JUAN.MONTANO@TELEFONICA.COM'),(110,73,'BIBIANA ANGELICA BERNAL HENRÍQUEZ','7943230','3148304850','INFO@JBSOLUCIONES.CO'),(111,103,'TATIANA RAMIREZ','7433799','7433799','TATIANA.RAMIREZ@GRUPO-SYZ.COM'),(112,104,'DAYANN CAMILA ORJUELA BENITEZ','4443820B – 3565471','4443820B – 3565471','DAYAN.ORJUELA@ONELINKBPO.COM'),(113,105,'LAHYD DAVID QUINTERO','7059000','0','INFO@CO.GT.COM'),(114,106,'MARIA ALEJANDRA PINILLA','2541050','5010','ALEJANDRA.PINILLA@KOBA-GROUP.COM'),(115,41,'LAURA KATERIN RONCANCIO','6194509','6194509','LRONCANCIO@METRO-OP.COM'),(116,69,'PATRICIA SOLARTE','7441441','7441441','ADMISIONES@SURAMERICA.EDU.CO'),(117,108,'ANDREA MALPICA','4682166','3213083760','CONTACTENOS@AEROTAPIZ.COM'),(118,105,'SHAROON DAYANA ZAMBRANO PEÑA','3118264207','3118264207','SALVAJE.CONTABILIDAD@GMAIL.COM'),(119,109,'MARIA DELPILAR GARZON','3205200','3202754648','MGARZON@JUANGAVIRIA.COM'),(120,110,'SILVIA KATIA GAFFURRI','6013683143','3157828455','INFO@SIFAPTECNOLOGIA.COM'),(121,73,'LUISA ANDRES VARGAS','7028932','3125961745','AVARGAS@GRUPOTECNOLOGICO.ORG'),(122,73,'PAULA ESTHER CEBALLOS','7568670','3102648109','TALENTOHUMANO@RURALTECHS.CO'),(123,30,'WENDY ORTEGON GUTIERREZ','4383425','0','GERENCIA@GRUMAS.COM'),(124,111,'SANDRA PATRICIA MORA CASTRO','2170744','116','SELECCION@PRODUCTIVIDADEMPRESARIAL.COM.CO'),(125,73,'ROGER ANTONIO CARO VARGAS','3213522111','3213522111','NOMATISAS@GMAIL.COM'),(126,112,'PATRICIA PARRADO HERNÁNDEZ','3234849328','3234849328','JEFEDECONTABILIDAD@MARLONBECERRA.CO'),(127,33,'MAUREEN ANDREA SUAREZ HERRREÑO','7455176','2023','SANDRA_PALACIOS@EFICACIA.COM.CO; MAUREEN_SUAREZ@EFICACIA.COM.CO'),(128,84,'MIGUEL EDUARDO CARDENAS AGUDELO','3608211','3132620877','PERSONAL@COLMALLAS.COM'),(129,113,'MARIA CRISITINA FERRUCHO','5933000','3102502559','CRISTINA.FERRUCHO@UNIMINUTO.EDU'),(130,114,'SANDRA MILENA CALDERÓN TORRES','4674786','3152292947','ETRA.INTERANDINA@GRUPOETRA.COM'),(131,115,'CESAR MALAGON','2417800','0','CESAR.MALAGON@PROQUINAL.COM'),(132,116,'LUZ MERY CARVAJAL','3057880679','3057880679','EQUIPSALUD2019@GMAIL.COM'),(133,84,'ELIAS FELIPE BELTRAN ','1254863','3143651474','ALIMENTOSPROVERCOL@OUTLOOK.COM'),(134,117,'CAROLINA BUITRAGO','6363633','3118193660','VIVIANA.PINZON@ACCOR.COM'),(135,118,'MARIBEL SANTAMARIA','8767181','3022320516','MARIBELSANTAMARIA@HELICENTRO.COM.CO'),(136,119,'CAROLINA SANCHEZ SANCHEZ','3142250010','3142250010','WWW.ESPACIOSYMERCADEO.COM'),(137,53,'LILIANA PEÑA DAZA','3165225970','3165225970','LILIANA.PENA@CONEXACOL.COM.ES'),(138,76,'JUAN CARLOS FIERRO NIEVA','3108507312','3108507312','TECNICO@FIERROSEGUROS.COM'),(139,42,'MARIA FERNANDA HERNANDEZ','6079997','300','MHERNANDEZ@PLANETA.COM.CO'),(140,120,'GINA MILENA REYES MORENO','8120003 EXT 121','8120003 EXT 121','GINA.REYES@GRUPOCONECTAR.CO'),(141,121,'SERGIO ANDRÉS PINILLA CASTRO','6723911','5305','SERGIO.PINILLA@OTIS.COM'),(142,103,'YOMALY MEDINA','3139600','0','YOMALY.MEDINA@GRUPODIGITEX.COM'),(143,76,'JUAN MANUEL SABIO','3000818','3007545424','ADMINISTRACIONFS@FSTECH.COM.CO'),(144,54,'YEIMY VELASCO BOBADILLA','3223513317','0','RECLUTADOR.CIUDADES@CAFEOA.COM'),(145,122,'ANA LUCIA LOPEZ PINZON','7326900','6017326900','SECHACIENDA@ALCALDIASOACHA.GOV.CO'),(146,123,'LAURA YINETH GONZÁLEZ OSPINA','3107897561','3107897561','SOPORTE@JORJWEB.COM'),(147,124,'ANDREA RODRIGUEZ','5954040','0','ANDREA.RODRIGUEZ@PROCREDIT.GROUP.COM'),(148,73,'CELESTINO RAMIREZ PENAGOS','5355489','3132084910','MATIZDENT@GMAIL.COM'),(149,64,'NATALY MUÑOZ','5493044','3222255208','CONTADORSANCARLOS1@GMAIL.COM'),(150,125,'HASBLEIDY LOPEZ','5188431','1113','HLOPEZ@PRICESMART.COM'),(151,126,'JHONATAN STEVEN CHAVES GRISALES','4863500','4863500','SERVICIOALCLIENTE@EMTELCO.COM.CO'),(152,127,'YESID RINCON RAMOS','3115164564','3115939670','AMIGOFIELPETSHOP@YAHOO.COM'),(153,69,'INGRID JHOANNA CELY','5189191','2240','TALENTOHUMANO@COLVISEG.COM'),(154,128,'JOVANY PÉREZ OLAYA','6684490','3102200698','SERVICIOALCLIENTE@SANLORENZO.COM.CO'),(155,129,'YISETH LARA DAZA','4107273','3102259866','YLARA@IQELECTRONICS.COM.CO'),(156,130,'ANDREA JIMÉNEZ GONZÁLEZ','4322440','3208399523','JEFE.TH@ARKOS.COM.CO'),(157,73,'SANDRA CONSUELO MUÑOZ MORENO','2444328','6013152609','CONTMUROSAS@GMAIL.COM'),(158,73,'OMAR HUMBERTO MOTTA GUZMAN','5510498','3138591729','IMPORTADORAQUALITYPARTS@HOTMAIL.COM'),(159,131,'DIEGO FELIPE WILCHES','3847979','3115630077','DIEGO.WILCHES@ACOBARRAS.COM O AUXILIARHSEQ@ACOBARRAS.COM'),(160,42,'JHURY LORENA VALENCIA PÉREZ','2855618','3104861232','INFO@COPYMASTER.COM.CO'),(161,63,'SANDRA MILENA MORALES SANCHEZ ','3229481917','3229481917','AUXILIARADMINISTRATIVA@PYPMEDIOS.COM '),(162,53,'YUDY TATIANA CASTILLO OCHOA','3103277375','3103277375','TATIANA.CASTILLO@BOMBAI.CO'),(163,64,'RAFAEL SALINAS RAMIREZ','3162356653','3162356653','DANCOLTDA@HOTMAIL.COM'),(164,132,'WENDY AZUERO','3902660','3902660','WENDY.AZUERO@LOGWIN-LOGISTICS.COM'),(165,75,'AMANDA PARDO CONSUEGRA','3147952756','3147952756','SAIRAMUEBLES93@GMAIL.COM'),(166,133,'JESBITH CASTELLANOS PERDOMO ','3204666349','3204666349','JESBITH.CASTELLANOS@OCENSA.COM.CO'),(167,76,'ANCIZAR GUTIERREZ CASTRO','4117700','3204423998','DIESELPARYTURBOS@HOTMAIL.COM'),(168,134,'MARY LUZ DELGADO LOPEZ','7470260','7470260','INFO@EDEXA.COM.CO'),(169,76,'ABDON RAMIRO AVILA CONTRERAS','4323738','3023874851','RAMIROAVILACONTRERAS@GMAIL.COM'),(170,135,'LIBARDO CARRILLO','6361374','3106964300','GERENTEADMINISTRATIVO@SIASESORES.COM'),(171,105,'CLAUDIA PATRICIA GALVIS S.','6220885','3005662875','CLAUDIA.GALVIS@ECCARGOSA.COM'),(172,136,'MARIA FERNANDA CASTIBLANCO BELLO','3455030','3455030','RECURSOSHUMANOS@MICROHOME.COM.CO'),(173,93,'MIRIALBA TORO','6188000','3182825443','LLOPEZ@KPMG.COM'),(174,137,'MARICEL MAYORGA CHARRY','4269292','12651275','MROBLEDO@RCNTV.COM; MMAYORGA@RCNTV.COM.CO'),(175,73,'LILIANA BARRERO GONZALEZ','3105873318','3105873318','LILIANABARRERO@HOTMAIL.COM'),(176,138,'FREDY ENRIQUE PINEDA MORENO','3132495033','3132495033','DIRECTOR@ABACOBPO.COM'),(177,73,'ANDREA RAMÍREZ VELANDIA ','2005295','3134673945','ARAMIREZ@PROFIT-BI.COM'),(178,105,'ANA MARIA ESCOBAR','3769400','3105712991','NFRANCO@IPSOS.COM'),(179,42,'CINDY JULIETTE MEJIA FAJARDO','3381476','3213046280','CINDY.MEJIA@ORDUZASOCIADOS.COM'),(180,139,'DEIVY RICARDO ENCISO RODRIGUEZ','3124696017','3124696017','VISUALITICORP@GMAIL.COM'),(181,140,'MENDEBAL SA ','7437430','7437430','INFO@MENDEBAL.COM'),(182,141,'ERIKA GUTIERREZ MALAGÓN','6295564 EXT 102','6295564 EXT 102','ANALISTAGH@INGECONTROL.COM.CO'),(183,73,'HELMAN JULIAN GIRALDO CARDONA','7968519','3186954706','COMERCIAL@INNOVASER.NET'),(184,142,'DIANA VALENCIA','4846090','3012096928','DIANA.VALENCIA@GWSPIRITS.COM'),(185,30,'CATERINE OME Q','7429292','107119','WVANEGAS@BOGOTABEERCOMPANY.COM'),(186,73,'DANNA MARCELA SALINAS FARFAN ','3204759172','3204759172','CONSEJEROS_CAPH@OUTLOOK.COM'),(187,76,'RAUL PULIDO','3115382576','0','RAUL.PULIDO@PGA.COM.CO'),(188,143,'WILSON JIMENEZ','3004140','0','SERVICIOALCLIENTE@ITA.COM.CO'),(189,144,'MARIBEL JIMENEZ RODRIGUEZ','6730177','3232302824','UNIFORMESLOGISTICOS@HOTMAIL.COM'),(190,145,'WILSON VARILA JAIMES','5605000','0','COORD.SELECCION@INTERRAPIDISIMO.COM'),(191,146,'PEDRO BOTERO','7430446','307','PBOTERO@FAMCARD.CO'),(192,147,'CLAUDIA PATRICIA LOPEZ','3173631141','0','CLAUDIAPATRICIA@DISLICORES.COM'),(193,148,'ORLANDO RICHARD GARCIA ARIAS','3168727604','3168727604','RGARCIA@ACCESACONSULTING.COM'),(194,59,'CARLOS EDUARDO MONTES BOTACHI','2305680','3124182235','TECHMOTORSAS@TECHMOTORSAS.COM'),(195,76,'MARTHA PATRICIA CABALLERO CORREA','9156600 EXT 1112','3182527785','TALENTO.HUMANO@TEXTILESYMODA.COM'),(196,73,'MARITZA YANNETH PIRACOCA','2328704 - 2852940','3208200019','SOCIOCONSULTOR@CGICONSULTORIA.COM'),(197,127,'CIRO ANTONIO ACOSTA MATIZ','3602374','3115990944','CONTABILIDAD@ACERMETALICAS.COM.CO'),(198,105,'KARINA SOLENO GUERRERO','6067033','3022762289','CONTRATACION@LUTEC.COM.CO'),(199,69,'VIVIAN LISETTE NUÑEZ MORALES','3245430621','3245430621','TALENTO2@POKECOLOMBIA.CO'),(200,59,'WILSON RICARDO LOMBANA SAAVEDRA','2526685','3002997258','ADMON@LOLAARDILA.COM'),(201,76,'EDWIN VENEGAS','7559907','3168345500','WOTALORA@LATINO-BI.COM'),(202,59,'NOHORA CLEMENCIA RAMOS VILLARRAGA','2362333','3174309922','CASADELCRISTAL@GMAIL.COM'),(203,149,'CYNTHIA ANDREA VILLAMIL MORA','7957300','3115635999','CONTABILIDAD@TESSI.CO');
/*!40000 ALTER TABLE `p_contacto` ENABLE KEYS */;
UNLOCK TABLES;

--
-- Table structure for table `p_empresa`
--

DROP TABLE IF EXISTS `p_empresa`;
/*!40101 SET @saved_cs_client     = @@character_set_client */;
/*!50503 SET character_set_client = utf8mb4 */;
CREATE TABLE `p_empresa` (
  `id_empresa` int NOT NULL AUTO_INCREMENT,
  `nit` varchar(15) NOT NULL,
  `razon_social` varchar(450) NOT NULL,
  `direccion` varchar(450) DEFAULT NULL,
  `id_jefe_inmediato` int NOT NULL,
  PRIMARY KEY (`id_empresa`),
  KEY `fk_p_empresa_p_contacto1_idx` (`id_jefe_inmediato`),
  CONSTRAINT `fk_p_empresa_p_contacto1` FOREIGN KEY (`id_jefe_inmediato`) REFERENCES `p_contacto` (`id_contacto`)
) ENGINE=InnoDB AUTO_INCREMENT=206 DEFAULT CHARSET=utf8mb3;
/*!40101 SET character_set_client = @saved_cs_client */;

--
-- Dumping data for table `p_empresa`
--

LOCK TABLES `p_empresa` WRITE;
/*!40000 ALTER TABLE `p_empresa` DISABLE KEYS */;
INSERT INTO `p_empresa` VALUES (20,'890203194','LABORATORIOS CHALVER','CRA 106 15 25 MZ 6 INT 19 - ZONA FRANCA',20),(21,'800116217','CORPORACION UNIVERSITARIA MINUTO DE DIOS','CALLE 90 N° 87 - 69',21),(22,'800153993','CLARO COLOMBIA (TELEFONIA)','PLAZA CLARO',22),(23,'860007336','COLSUBSIDIO','CL 26 # 25 - 50 PI 4',23),(24,'860000596','ESPUMLATEX SAS','TENJO, AUTOPISTA, MEDELLIN KM 6.8 VIA LA VEGA',24),(25,'830056418','EULEN COLOMBIA S.A ','KR 14#106-07 BARRIO SANTA PAULA',25),(26,'800215465','CORPORACION EDUCATIVA MINUTO DE DIOS','TV 74 # 81C - 05',26),(27,'900155107','CENCOSUD','CL 175 # 22 - 13 2PI',27),(28,'901281483','FONKOBA (FONFO DE EMPLEADOS KOBA COLOMBIA) ','KR 7A # 155C - 22 PI 37 Y 38 NORTH POINT TO E PI 37 Y 38',28),(29,'860007884','AUTONAL','AK 45 # 127D - 38',29),(30,'860050420','VENTAS Y SERVICIOS S.A','CARRERA 45ª N° 197-75 MEGA OUTLET ENTRADA 2',30),(31,'900566554','DOMINION COLOMBIA SAS','CARRERA 14 89 48',31),(32,'830005243','LABORATORIOS DEMAC LTDA ','KR 81B # 8A - 37',32),(33,'900619863','STORK TECHNICAL SERVICES','KM 2.5 ANTIGUA VIA LA VEGA',33),(34,'830054838','ESPACIO & MERCADEO S A','KR 16A # 30 - 92',34),(35,'800188557','ALCOMEXS.A.','KR 106 # 15 - 25 MANZANA 9 BO 14',35),(36,'830065842','ATENTO COLOMBIA S.A.','CARRERA 54 # 5C-66',36),(37,'901354361','PARTNERS TELECOM COLOMBIA SAS','TV. 23# 95 - 53',37),(38,'890200756','BANCO PICHINCHA S.A','AV. AMÉRICAS NO. 42-81 BOGOTÁ, COLOMBIA',38),(39,'900215071','BANCAMIA ','KR 9 # 66 - 25',39),(40,'890300279','BANCO DE OCCIDENTE S.A.','KR 15 CON CL 127 UNICENTRO',40),(41,'830026811','XOREX S.A.S','CALLE 70 A #12-68',41),(42,'800146425','ORGANIZACION SOLARTE & CIA SCA','CARRERA 35 # 12 A 35',42),(43,'830033457','STEWART & STEVENSON DE LAS AMERICAS LTDA','AV AMERICAS 32 A 51',43),(44,'830112317','PROCAFECOL','CALLE 73 # 8-13',44),(45,'860351894','UNIVERSIDAD SERGIO ARBOLEDA','CALLE 74 NO. 14-14',45),(46,'830065063','LG ELECTRONICS','CRA 11 # 94 A 34',46),(47,'900410825','FUNDACIÓN JUNTOS DE LA MANO POR UNA COLOMBIA MEJOR','CLL 130B # 96-25 BARRIO GLORIA LARA',47),(48,'900908443','BURSON COHN & WOLFE SAS','AV. CARRERA 9 NO. 101 – 67 OFICINA 302',48),(49,'901094266','PANDALATINA','CALLE 72 # 9 - 55',49),(50,'901062793','FUNDACIÓN SINAPSIS COLOMBIA','CARRERA 71 # 116A- 40',50),(51,'860002523','CEMEX COLOMBIA','AC 26 # 92 - 32',51),(52,'800196426','INDUSTRIA ELECTRICA NEWLINE SAS','CR 90 # 17B 51 BG25',52),(53,'900763965','JUJU SAS','CL 9C SUR · 50FF 67 ',53),(54,'860001449','OPTICA COLOMBIANA SAS','CL 72 # 13 - 49',54),(55,'800119297','GESTIONES Y REPRESENTACIONES CHIA SAS','KILOMETRO 2.5 VIA SIBERIA COTA',55),(56,'900749769','AUTORINES YACAR S A S','CL 63 # 26 - 26',56),(57,'900540604','ADMIRALTY HOLDINGS DE COLOMBIA SAS','CR 7 71 21 TORRE A OF 519',57),(58,'900996793','SERVICIOS PROFESIONALES GENERALES DE COLOMBIA SAS','KR 14 # 93B - 45 OF 303',58),(59,'901281534','A&C INDUSTRIAL S.A.S. ','KR 106 # 15A - 25',59),(60,'901169132','AMANI ENTERPRISES CO SAS','CL 94 51 B 43 OF 401 ED BURO 51',60),(61,'800195190','CONFITECA COLOMBIA SA – EN REORGANIZACION','CARRERA 49 B # 91-37',61),(62,'860506812','EDITORIAL EL BÚHO S.A.S','DIAGONAL 40A # 14-66 2 PISO ',62),(63,'860062581','UNION ANDINA DE TRANSPORTES S.A.S.','KR 87 # 11B - 38',63),(64,'79579524','RYR PROFESIONALES ASOCIADOS','DG 3 NO. 70B - 21 OFICINA NO. 11',64),(65,'830078966','METROKIA S.A.','CL 224 # 9 - 60',65),(66,'51703440','BLANCA NELLY GUERRERO MORA','CL 94 #72 A 92 CS 25',66),(67,'52493488','FABRICA DE CASETON DCG','KR 2 # 6 - 28',67),(68,'830073210','GRUPO PRG ABOGADOS SAS','CL 100 # 19 - 61 OF 306',68),(69,'900295796','INVERSIONES AGROCOMERCIALES BACO S.A.S','CR 55A No 79B - 60',69),(70,'811031144','SUPLIMED HOSPITALARIO SAS','KR 63 # 100 27  ',70),(71,'901104062','P&G ACCOUNTING S.A.S','CL 93 11A 28 OF 601 EDIFICIO CAPITAL PARK',71),(72,'9010576028','DYNINNO','CRA 11#98-07',72),(73,'860514604','ERAZO VALENCIA SAS','VIA COTA FUNZA 700 MTS DESPUES DE LA GLORIETA SIBERIA COSTADO ORIENTAL',73),(74,'900661803','CENTRO DE IDIOMAS UNIVERSAL LEARNING ACADEMICS SAS','CL. 108 #51 89',74),(75,'830088374','THE PUB SAS','CL 85A # 22 - 21',75),(76,'900713658','CNE OIL & GAS S.A.S','CALLE 113 # 7-45 TORRE B PISO 15',76),(77,'860531315','ALIANZA FIDUCIARIA S.A.','AV 15 # 100 - 43',77),(78,'830122359','STEM MEDICINA REGENERATIVA S.A.S.','CL17A #123-57',78),(79,'8300730874','INVERSIONES Y ASESORÍAS DE TRANSPORTE ANDINO S.A.','CALLE 13 #47 - 51 ',79),(80,'800149671','TEXTILES VELANEX S.A.','TV 96B # 24B - 40',80),(81,'830000818','CROWE HORWATH','KR 16 # 93 - 92',81),(82,'900323811','WORLEY COLOMBIA SAS ','KR 12 A # 78-40',82),(83,'900323853','TELEPERFORMANCE COLOMBIA S.A.S.','CALLE 26 #92-32',83),(84,'800149384','CLINICA COLSANITAS  S.A','CL 100 # 11B - 67',84),(85,'860053523','COLSERAUTO S A','CL 98 A # 69C - 15',85),(86,'900819727','PES COLOMBIA SAS','VIA SIBERIA COTA KM 1.5 PARQUE INDUSTRIAL POTRERO CHICO',86),(87,'899999061','ALCALDIA MAYOR DE BOGOTA','CL 52 # 13 - 64',87),(88,'830048145','SIIGO','KR 18 # 79A - 42',88),(89,'860027186','COOPERATIVA DE PROFESORES DE LA UNIVERSIDAD NACIONAL DE COLOMBIA','CALLE 45 A # 28 -62',89),(90,'860039273','SECRETARIADO NACIONAL DE PASTORAL','KR 58 # 80 - 87',90),(91,'830069247','BOMBAS Y MONTAJES S,A,S,','KR 69B # 73A - 77',91),(92,'900944793','MAQUITEC DE COLOMBIA S.A.S','KR 22 # 68 - 68',92),(93,'901388847','MOBILE CONEXION SAS','CL 26 # 68C - 61',93),(94,'830035937','ORGANIZACIÓN INMOBILIARIA MARCA','CL 122 # 7A - 18',94),(95,'901332680','SUPREME CONSTRUCCIONES SAS','CL 83 # 5 - 57',95),(96,'900173404','HEINSOHN HUMAN GLOBAL SOLUTIONS S.A.S','KR 13 # 82 - 49',96),(97,'830113252','SICTE S.A.S.','KR 16 # 78 - 63 PI 3',97),(98,'860020609','LABORATORIOS SMART SAS','CL 19 # 69 - 05',98),(99,'901090992','SIGRAFIL LTDA','CL 69 # 70 - 61',99),(100,'860006797','GIROS & FINANZAS SA','KR 7 # 52 - 27',100),(101,'900507611','CINTE COLOMBIA SAS','CL 98 # 18 - 71 PI 5 ED VARESE',101),(102,'900628930','LA HIPOTECARIA COMPAÑÍA DE FINANCIAMIENTO S.A','CL 26 # 85B – 09',102),(103,'900291373','BOSTON MEDICAL GROUP DE COLOMBIA S.A.S.','CLL 97 A NO 9 A 23 OF 503',103),(104,'804009440','LA MUELA SAS ','KR 7 B BIS # 124-51 ',104),(105,'860402328','INTECPLAST INYECCION TECNICA DE PLASTICOS S.A.S.','CALLE 59 # 3 - 54',105),(106,'901271543','GRUPO AVAR SAS','KR 48 # 93 - 11',106),(107,'900341622','ASESORIAS FINANCIERAS DE CREDITO SAS','KR 10 # 65 - 98',107),(108,'860533206','ENERGÍA INTEGRAL ANDINA S.A.','KR 19B #166-73',108),(109,'830122566','COLOMBIA TELECOMUNICACIONES SA','TRANSV. 60 (AV. SUBA) NO. 114 A-55',109),(110,'900395158','DH COLOMBIA SAS','CALLE 185 # 45 -03 CENTRO EMPRESARIAL OFICINA 611',20),(111,'900112748','JOBI TECHNOLOGY SAS','KR 15 # 106 - 32',110),(112,'830144243','SYZ COLOMBIA S.A.S','AUTOPISTA BOGOTÁ MEDELLIN KM 7 CONJUNTO CELTA TRADE PARK LOTE 7',111),(113,'900596020','GETCOM COLOMBIA','CALLE 63 N 24 80',112),(114,'901166320','BPS CONSULTING SAS','CL 102A 47A 09',113),(115,'900276962','KOBA COLOMBIA S.A.S','VEREDA CANAVITA KM 20 VÍA TOCANCIPÁ - BOGOTÁ, PARQUE INDUSTRIAL Y LOGÍSTICO DEL NORTE',114),(116,'899999040','REGISTRADURIA NACIONAL DEL ESTADO CIVIL','AC 26 # 51 - 50',20),(117,'900341322','METRO OPERACIÓN INMOBILIARIA S.A.S','CL  119 NO. 6 A 47 INTERIOR 2 ',115),(118,'830015970','CAMPO ALTO ACESALUD S.A.S','KR 103D # 136 - 3',116),(119,'900923137','AEROTAPIZ S.A.S','KR 69M # 78 - 74',117),(120,'901232632','SALVAJE SAS','CL 83 #9 - 48 PRIMER PISO',118),(121,'860516847','JUAN GAVIRIA','KR 9 # 76 - 49',119),(122,'830016330','SIFAP TECNOLOGIA SAS','CL 12 A 44 98',120),(123,'900159939','GRUPO TECNOLOGICO S.A.S','CL 88 # 30 - 49',121),(124,'901554618','RURAL TECH S.A.S','CALLE 88 A # 30-43 BOGOTÁ',122),(125,'900359178','GRUAS Y MANIOBRAS SEGURAS LTDA','KR 72 # 79A - 08',123),(126,'830022535','	PRODUCTIVIDAD EMPRESARIAL S.A.S','AC 53 # 25 - 73 OF 201 BARRIO GALERIAS',124),(127,'830094640','NOMADATRANSPORTE INTEGRAL SAS','AUT MEDELLIN KM 3.5 VIA SIBERIA CENTRO DE NEGOCIOS METROPOLITANO OFICINA B09',125),(128,'900438367','UNIDAD OPERADORA DE FRANQUICIAS OMB S.A.S.','CL 90 # 15 - 17 OF 301',126),(129,'800137960','EFICACIA','AK 40 # 21 - 15',127),(130,'860066875','COLMALLAS S.A.','CL 12 # 37 - 53',128),(131,'830086712','COOPERATIVA MULTIACTIVA DE LA COORPORACION UNIVERSITARIA MINUTO DE DIOS','KR 73A # 80 - 12 SEDE PRINCIPAL',129),(132,'830099436','ETRA INTERANDINA SA','AV. CALLE 26 N° 69D - 91 TORRE PEATONAL EDIFICIO ARRECIFE – OFICINAS 503 - 504',130),(133,'860002067','PROQUINAL','CL 11A # 34 - 50',131),(134,'901265843','EQUIPSALUD SAS ','CLL 29 SUR # 19 - 05',132),(135,'900557006','ALIMENTOS PROVERCOL','CL 21 N 68B 30',133),(136,'860000591','ACCOR HOTELS COLOMBIA SA','KR 12A # 83 - 75',134),(137,'860064038','HELICENTRO SAS','AUTOPISTA MEDELLIN KM 2 VIA COTA',135),(138,'901188279','ESPACIO Y MERCADEO SAS','CR 20 B 72 A 16',136),(139,'900629536','ASESORIA INTEGRALES Y PROCESOS ADMINISTRATIVOS S.A.S.','CL 52A # 20 - 51 ',137),(140,'901271590','FIERRO SEGUROS','CALLE 166 #8H 20',138),(141,'830077981','EDITORIAL GRUPO PLANETA COLOMBIANA S.A','CL 73 # 7 - 60',139),(142,'830134971','CONECTAR TV SAS','CRA. 82 #78 - 43',140),(143,'830005448','OTIS ELEVATOR COMPANY','CL 140 # 12B - 25',141),(144,'900038933','DIGITEX INTERNACIONAL','AK 45 # 108 - 27 TO 3 PI 18',142),(145,'901399192','FS TECH SAS','CL 116 23 06',143),(146,'830101778','FRAYCO SAS - FRANQUICIAS Y CONCESIONES S.A.S','KR 57 # 94 - 10 BARRIO RIONEGRO',144),(147,'800094755','ALCALDIA DE SOACHA- SECRETARIA DE HACIENDA','KR 8 #12-29',145),(148,'830123330','JORJWEB LTDA','CALLE 25 # 30-50 ',146),(149,'900200960','BANCO PROCREDIT','AC 39 # 13A - 16',147),(150,'17689003','LABORATORIO MATIZDENT','TV 127 # 132 C -32 ',148),(151,'900309976','SEGURIDAD SAN CARLOS LTDA','KR 23 # 150-70',149),(152,'900319753','PRICESMART','CL 26 # 71A - 16',150),(153,'800237456','EMTELCO S.A.S.','CARRERA 85D # 46A -96 SEDE EL DORADO, BOGOTÁ',151),(154,'900561882','AMIGO FIEL LTDA','CRA 70 # 72A - 07',152),(155,'860090721','COLVISEG COLOMBIANA DE VIGILANCIA Y SEGURIDAD LTDA','KR 20 # 66 - 15',153),(156,'900208445','CERÁMICA SAN LORENZO INDUSTRIAL DE COLOMBIA SA ','KILÓMETRO 1 VÍA SOPO CANAVITA VEREDA LA CAROLINA',154),(157,'830129426','IQ ELECTRONICS','DG 47 # 77B - 09 IN 2 PARQUE INDUSTRIAL SAN CAYETA #',155),(158,'800118660','ARKOS SISTEMAS ARQUITECTONICOS SA','KR 54 # 79B - 47',156),(159,'900489779','CONTMURO CONTADORES ASOCIADOS S A S','CL 99 # 9A - 47',157),(160,'900480105','IMPORTADORA QUALITY PARTS','CL 22 A #19B - 40',158),(161,'830033050','ACOBARRAS S.A.S','AUT MED-BTA ENTRADA PARQUE LA FLORIDA KM1, PARQUE INDUSTRIAL ROSALINDA, BODEGA 37 COTA',159),(162,'901192305','COPY MASTER TECHNOLOGY S.A.S.','CALLE 23D # 107 - 21',160),(163,'900389753','P&P MEDIOS SAS','CARRERA 11 A # 93-93 ',161),(164,'900111204','BOMBAI SAS','KR 27 # 70 - 89',162),(165,'79105577','DANCOL','KR 112 B # 74 A 26',163),(166,'900871597','LOGWIN AIR + OCEAN COLOMBIA S.A.S.','AV CALLE 26 # 96 J 66 OF 211',164),(167,'51636834','SAIRA FABRICA DE MUEBLES','AC 1 DE MAYO 37 A 41 SUR',165),(168,'800251163','OLEODUCTO CENTRAL S.A - OCENSA','CARRERA 11 NO. 84-09 PISO 10',166),(169,'79304696','DIESEL PAR Y TURBOS Y/O ANCIZAR GUTIERREZ','CL 8B # 82B-71',167),(170,'800206075','EDEXA SAS','KM 1.3 VIA PARCELAS DE COTA, CONJUNTO EMPRESARIAL AEPI BODEGA 11',168),(171,'1014232846','PANADERÍA Y PASTELERÍA GALIAS DE RM ','KR81 # 82A 09',169),(172,'901232376','SIC CONSULTORES ASESORES SAS','CLL 95 # 15 - 47',170),(173,'830030945','EC CARGO SAS','KR 47A # 91 - 19',171),(174,'900025740','MICROHOME SAS','CARRERA 20C # 72A 39',172),(175,'860000846','KPMG S.A.S.','KR 13A # 37 - 68',173),(176,'830029703','RCN TELEVISION','AV AMERICAS # 65 - 82',174),(177,'21103794','LILIANA BARRERO GONZALEZ','CR 7 180 30 ',175),(178,'900969293','ABACO BPO S.A.S','CL 12C # 71B - 41',176),(179,'900742786','PROFIT BANCA DE INVERSION SAS ','KR 9 # 80 - 12 OFC 501',177),(180,'890319494','IPSOS NAPOLEON FRANCO & CIA SAS','CL 74 # 11 - 81',178),(181,'900856845','ORDUZ ASOCIADOS CONSULTORES AUDITORES S.A.S','KR 13 # 32 - 93',179),(182,'900959154','VISUALITI SAS','CALLE 4B # 23 A 46 P 505',180),(183,'860353473','MENDEBAL SA ','CLL 79 B # 8 - 11',181),(184,'860050146','INGECONTROL S A','CRA 14B NO 109 - 45',182),(185,'901114672','INNOVASER SOLUCIONES SAS','KR 16 # 79 - 20 OFICINA 416',183),(186,'830074144','GLOBAL WINE AND SPIRITS LTDA','CL 127A # 53A - 45',184),(187,'830094751','BOGOTA BEER COMPANY S.A.S','KR 24 # 85A - 47',185),(188,'901185957','CONSEJEROS CA & PH S.A.S','CALLE 182 # 45-11',186),(189,'900634301','PGA CONSULTORES EMPRESARIALES SAS','CL 100 # 60 - 04 OF 411',187),(190,'900297772','INVERSIONES TECNOLOGICAS DE AMERICA','CL 93 # 12 - 14 OF 704',188),(191,'900718376','DISTRIBUIDORA ALIADA CM SAS','KR 19 166 39',189),(192,'800251569','INTER RAPIDISIMO S.A','KR 30 # 7 - 45',190),(193,'830035850','AGENTES PORTUARIOS SAS','KR 7 # 80 - 49',191),(194,'890916575','DISLICORES','KM 7,5 CELTA VIA MEDELLÍN',192),(195,'900659932','ACCESA BUSINESS SAS','CLL 146 7 64 OF 501',193),(196,'901078091','TECH MOTOR DIESEL ELECTRONIC SAS ','KR 72 G 40 39 SUR',194),(197,'830101591','COMERCIALIZADORA TEXTILES Y MODA S.A','KR 17A N. 137-93',195),(198,'901144256','GRUPO CONSULTORES MC SAS','KR 13 #32-93',196),(199,'830061337','ACERMETALICAS SAS','KR 28 # 6 - 57',197),(200,'900491816','GRUPO LUTEC SAS','KR 19 # 70A - 33',198),(201,'900973779','FOODIE SAS','CL 69 A # 6 - 37',199),(202,'830514418','COMERCIALIZADORA LOLA ARDILA SAS','DG 79C # 71B-91',200),(203,'830101111','LATINOBI CONSULTING','TV 23 # 94 - 33 OF 802',201),(204,'900896552','CASA DEL CRISTAL S.A.S','KR 60 N°98A-13',202),(205,'900097352','TESSI COLOMBIA SAS','KR 85K # 46A 66',203);
/*!40000 ALTER TABLE `p_empresa` ENABLE KEYS */;
UNLOCK TABLES;

--
-- Table structure for table `p_estudiante`
--

DROP TABLE IF EXISTS `p_estudiante`;
/*!40101 SET @saved_cs_client     = @@character_set_client */;
/*!50503 SET character_set_client = utf8mb4 */;
CREATE TABLE `p_estudiante` (
  `id_estudiante` int NOT NULL AUTO_INCREMENT,
  `edad` int NOT NULL,
  `nombres` varchar(150) NOT NULL,
  `celular` varchar(15) DEFAULT NULL,
  `direccion` varchar(450) DEFAULT NULL,
  `telefono` varchar(15) DEFAULT NULL,
  `email` varchar(450) DEFAULT NULL,
  `id_contacto` int NOT NULL,
  PRIMARY KEY (`id_estudiante`),
  KEY `fk_p_estudiante_p_contacto1_idx` (`id_contacto`),
  CONSTRAINT `fk_p_estudiante_p_contacto1` FOREIGN KEY (`id_contacto`) REFERENCES `p_contacto` (`id_contacto`)
) ENGINE=InnoDB AUTO_INCREMENT=256 DEFAULT CHARSET=utf8mb3;
/*!40101 SET character_set_client = @saved_cs_client */;

--
-- Dumping data for table `p_estudiante`
--

LOCK TABLES `p_estudiante` WRITE;
/*!40000 ALTER TABLE `p_estudiante` DISABLE KEYS */;
INSERT INTO `p_estudiante` VALUES (26,18,'DIAZ NARANJO JAIME EDUARDO','3144730876','DG 81F # 74C-20','0','ALEJANDRA.VILLAMARIN@CHALVER.COM.CO ',20),(27,25,'LEAL RODRIGUEZ YARESNI ANDREA','3202044315','TV 7ESTE #105A-20SUR','0','OSFONSECA@UNIMINUTO.EDU',21),(28,25,'HUERTAS NIÑO ANYI ESTEPFANY','3022171506','KR 109 # 151C - 25','7471418','ANDREA.PRIETO@CLARO.COM.CO',22),(29,30,'MONSALVE VARGAS SUSANA ','3115400506','CL 83A #114-99','2364113','DARIO.MELO@CLARO.COM.CO',22),(30,31,'CANO MORA ALEJANDRA ','31727323911','KR 94B # 145A - 75','17074727','MARTHA.ALVARADO@COLSUBSIDIO.COM',23),(31,33,'QUITIAN VELOZA LUIS FELIPE','3102502391','CL 142 B BIS A #148 B 09','0','DIEGO.SALAMANCASA@COLSUBSIDIO.COM',23),(32,35,'LINARES CASTAÑEDA HESLIE JULIETH','3208386732','URB. EL OCAL MANZANA L CASA 2','3142375134','MONICA.APONTE@ESPUMLATEX.COM',24),(33,22,'RIVERA SALAZAR MICHELLE SAMANTHA','3203156270','CL 10 A NO 19 B 194','0','MLBENITEZ@EULEN.COM',25),(34,23,'CASTIBLANCO HERNANDEZ WENDY MARCELA','3015160231','CL 128 B # 104C - 29','6972977','EDGARR@COLEGIOSMINUTODEDIOS.EDU.CO',26),(35,41,'TELLEZ PARDO PAULA ALEJANDRA','3166275475','CALLE 7 #94 - 78 MANZANA 2 LOTE 1 CASA 296','3115959160','SANDRA.LOPERAFO@COLSUBSIDIO.COM',23),(36,37,'VARGAS BALLESTA DANIELA SOFIA','3017041220','KR 93B # 135A - 27 ','0','YESID.SANDOVAL@CENCOSUD.COM.CO								',27),(37,21,'HENAO ALFONSO DAYANA GABRIELA','3002058343','KR 110 G # 72C - 29','4313758','YENIR.ACEVEDO@FONDTODOS.COM',28),(38,23,'SABOYA DIAZ YESICA MICHEL','3214320908','KR 8 # 190-86','7254331','ADRIANA.APONTE@AUTONAL.COM',29),(39,31,'NIETO YOPASA WENDY TATIANA','3219889726','KR111A#139-31','0','JHARAMIREZ@NEXABPO.COM',30),(40,33,'VILLAREAL DIAZ DIEGO FERNANDO','3232899909','KR 111C # 81 - 30','0','YESMI.CASTRO@UNIMINUTO.EDU',21),(41,35,'BELTRAN GARZON LEIDY JOHANNA','3112507043','CL 74 A # 80 - 35','0','PATRICIA.LOPEZ.O@UNIMINUTO.EDU',21),(42,22,'OSORNO MONSALVE KARENT TATIANA','3233652276','CALLE 86 #95D - 03','0','CHRISTIAN.ALBARRACIN@DOMINION-GLOBAL.COM',31),(43,23,'SEGURA BAUTISTA PAULA SOFIA','3022639593','CL 21 NO 13 - 87 ESTE ','3134374860','JEFECONTABLE@LABORATORIOSDEMAC.COM.CO',32),(44,41,'CACERES RIVEROS MARTHA LUCERO','3213367955','CL 73 # 70 A -43','0','DOLLY.QUINTERO@STORK.COM',33),(45,38,'PIRAGAUTA CASAS JULIO DANIEL','3123184058','KR 142 #108-16','0','JEFECONTABLE@ESPACIOYMERCADEO.COM.CO',34),(46,21,'MORENO ESPINOSA VIANNY VANESSA','3133743878','KR 71B #100A - 27','0','FDELGADOH@GRUPOALCOMEX.COM ',35),(47,23,'GONZALEZ PINEDA ANDREW ','3219898201','TV 52 #1C-33','0','ANDREAR.ATENTO21@GMAIL.COM',36),(48,36,'GUIZA RODRIGUEZ PAULA ANDREA','302360674','CL. 127 D BIS #90A-18','0','ZPRACUNI@COLSUBSIDIO.COM',23),(49,26,'PEREZ RIAÑO ADRIANA LORENA','3058198353','KR 115 # 149 B 10','0','SANDRA.PARDO@WOM.COM',37),(50,26,'JIMENEZ CLAVIJO CLAUDIA LILIANA','3208282450','KR 80 J BIS 42 A 68 SUR','0','ELIANA.OME@PICHINCHA.COM.CO',38),(51,29,'URIBE LONDOÑO ESTEFANIA ','3188789554','CL 75 B # 17A- 88','0','YOVANNI.GALEANO@BANCAMIA.COM.CO',39),(52,27,'CASTRO CESPEDES DANIELA ALEXANDRA','3118674187','DG 67 B SUR #28-21','8034097','JLOPEZA@BANCODEOCCIDENTE.COM.CO',40),(53,33,'VEGA CALDERON LUZ MABER','3165275478','CL 130 ABIS #90-17','0','ADRIANA. CASTRO@BANCAMIA.COM.CO',39),(54,25,'VARGAS RUIZ JUAN ESTEBAN','3024310327','DG 150 # 142 - 53','3024310327','MYRIAM.VASQUEZ@XDC.COM.CO',41),(55,26,'ACOSTA CORREA MARIANA ','3132411702','KR 6A #12-47','0','CONTADOR1.AP@ORGANIZACIONSOLARTE.COM',42),(56,26,'RIVAS FORERO CATHERIN ANDREA','3208494846','CL 2ª #1-22','2772902','GINA.ACOSTA@SSSS.COM.CO',43),(57,28,'FERNANDEZ MORA ANDRES FELIPE','3213795942','CL 69A # 105F - 43','8561357','ANDREA.PERDOMO@JUANVALDEZCAFE.COM',44),(58,29,'PINZON PARDO ANGIE VANESSA','3209646991','KR 8 #92 B 16 SUR ','7594241','ALEJANDRA.LOPEZC@USA.EDU.CO',45),(59,25,'MUNEVAR SAAVEDRA DAIRO ALEXANDER','3016362982','CL 143B #141 A-36 ','3016979415','FABIAN.GALLEGO@LGE.COM',46),(60,30,'AGUIRRE MARTINEZ JINA MARCELA','3023905622','KR 115 # 151 C - 51 INTERIOR 2 APARTAMENTO 502','7368805','MBELTRAN@UNIMINUTO.EDU',36),(61,31,'GIL AGUDELO VALENTINA ','3235225291','KR 114B # 151D- 64 ','0','DELAMANOPORUNACOLOMBIAMEJOR@GMAIL.COM',47),(62,33,'NOVOA SANDOVAL FLOR BIVIANA','3004159700','CL 71 K BIS SUR # 27 - 64','7657650','GLORIA.NINO@BCW-GLOBAL.COM',48),(63,35,'HERNANDEZ RODRIGUEZ PEDRO JAVIER','3162752035','CL 68 B BIS # 70C - 17','0','ADMINISTRATIVO@PANDALATINA.COM',49),(64,22,'MARMOLEJO CUELLAR YUSHELI CAROLINA','3143472656','KR 111A # 75C - 15','4692209','COORPRACTICAS@FUNSINAPSIS.COM',50),(65,23,'OBANDO MUÑOZ JHOELL STYVENN','3213132128','KR 80 C # 14 A-17','4337509','PAOLAANDREA.BELTRAN@CEMEX.COM',51),(66,41,'CORSO DELGADO LUZ DARI','3102600108','CL 70 # 105A - 29','0','ANGELICA.AYALA@UNIMINUTO.EDU',21),(67,38,'MARTINEZ CELEITA WILMER JADIR','3203409864','CL 22# 114A - 62','0','CARTERA@IENEWLINE.COM',52),(68,37,'PERALTA RAMIREZ PAOLA ANDREA','3183065674','KR 95 A 136 -47','5400053','FELIX.CACERES@JUJU.COM.CO',53),(69,21,'ROMERO MORA JEISON ESNEIDER','3133150482','CL 75B # 94A - 55','3133150482','DANIELA.MARTINEZ@VISIONLAB.COM.CO',54),(70,23,'CASTAÑEDA MONTOYA MARIA ANGELICA','3103032422','KR 107 C # 71A - 35','0','LEONARDO.PEREZ@GHTCORP.COM',55),(71,31,'FONTECHA USECHE BRAYAN ALEXIS','3132959738','KR 81J # 42F 90 SUR','5708827','ALEIDAARCILA@GMAIL.COM',56),(72,33,'MURCIA GARNICA LAURA MARCELA','3202908567','CR 80 D 7 A 38','7461569','CAROCASTROGC@GMAIL.COM',57),(73,35,'PEREZ TOVAR ANGIE KATHERINE','3017186734','CL 128 # 86 B-37 INT 20','3176423928','OSCAR.MANCHOLA@SPGC.COM.CO',58),(74,22,'JARAMILLO PALACIOS LAURA VALENTINA','3217332481','CL 19 A # 111-11','4215759','RRHH@GRUPOAYCZONAFRANCA.COM',59),(75,23,'HERNANDEZ RONAL RICARDO','3112312284','KR 79 F # 46 SUR 45','9207078','ANGELA.SANCHEZ@TISSINI.COM',60),(76,41,'LOPEZ VILLADA STEPHANNY ','3053069526','CRA. 145 #142 F-59','3035865','CCALDAS@CONFITECA.COM.CO',61),(77,38,'AGUIRRE MARTINEZ CAMILO ANDRES','3003800522','KR 115 # 151 C -51','0','EDITORIALELBUHO@GMAIL.COM',62),(78,37,'PEREZ VARGAS DIANA ISABEL','3182463478','KR 82 47A 20 SUR','14501875','DIRECTOR.FINANCIERO@UNATRANS.COM / MMONTANO@UNIMINUTO.EDU',63),(79,21,'PINEDA PEREZ DAYAN EDUARDO','3219983172','KR 37 BIS #64 C 09 SUR','3043807','RYRPROFESIONALESASOCIADOS@HOTMAIL.COM',64),(80,23,'MENDEZ CEPEDA CRISTIAN DAVID','3102746293','CL 185 A 11 B 35','0','MLANCHEROS@KIA.COM.CO',65),(81,26,'GAITAN GUERRERO CARLOS MARIO','3104762008','CL 94 # 72A - 92','0','BLANCANELLYG25@GMAIL.COM',66),(82,26,'RAMIREZ CENTENO ANGIE PAOLA','3214945474','CL 70 # 87A - 75','0','ELBARON06@HOTMAIL.COM',67),(83,28,'AREVALO HINCAPIE ARLEN OSIRIS','3146128036','CL 69B 112 20 ','9211688','PRGLTDA@YAHOO.COM',68),(84,29,'ARBELAEZ ALARCON SULLY ESTHEFANIA','3158651928','DG 77B #123A - 43','0','INV.BACO.SAS@GMAIL.COM',69),(85,27,'RUIZ PATIÑO ANDRES CAMILO','3138467879','KRA 105 # 154 A - 86','6612276','DMONTANO@BANCODEOCCIDENTE.COM.CO',40),(86,42,'LOPEZ MENDEZ ERIKA XIOMARA','3146323886','KR 125 # 132 B - 15 ','0','ALVAROSANCHEZ@SUPLIMED.COM.CO',70),(87,33,'MARTINEZ RODRIGUEZ MAYRA ALEJANDRA','3024072657','CL 17#19A-157','5488406','CAMILO.PEDRAZA@PYGACCOUNTING.COM',71),(88,36,'HENAO FIGUEROA SANTIAGO ALEJANDRO','3175887761','KR 87A # 88 -78','0','MATIAS.B@ASAPTICKETS.COM',72),(89,25,'PARRA QUEZADA VIVIANA PAOLA','3222446458','CL 24 # 2 - 169 ESTE','0','JETE.TH@ERAZOVALENCIA.COM.CO',73),(90,26,'GUTIERREZ DIAZ SOLANGE SHARAY','3105735142','KR 96 B # 16 - 20','0','CONTADOR@ULAIDIOMAS.EDU.CO',74),(91,26,'VILLABON CALDERON MIGUEL ANGEL','3148729982','KR 101 #69-26','3148729','NOTIFICACIONES@THEPUB.COM.CO',75),(92,26,'FUENTES TORRES YEIMY ESPERANZA','3134102249','KR 51 NO 128 - 71 CASA SUBA','6211747','NMEDINA@CANACOLENERGY.COM',76),(93,28,'TORRES MAHECHA CESAR ESTEBAN','3112472535','CARRERA 82B #42C-42SUR ','4078632','JOARGUELLO@ALIANZA.COM.CO',77),(94,29,'ACEVEDO FIGUEREDO WENDY TATIANA','3237965177','CL 59 B SUR #88H - 28','2060620','RECURSOSHUMANOS@BANCODECELULAS.COM',78),(95,27,'NUÑEZ ROA LAURA YOHANNA','3114867966','KR 92 # 69A - 10','3202437343','CONTADOR@INSETRANSA.COM',79),(96,18,'ARISTIZABAL ORTIZ JONATAN ','3132359078','KR 31 53 25 SUR','0','COORD.CONTABILIDAD@ANGELTEX.COM.CO',80),(97,25,'ARIAS BUSTOS LUIS FERNANDO','3209352313','KR 51F BIS 38B 09 SUR','0','JORGE.MOYANO@CROWE.COM.CO',81),(98,25,'SANCHEZ CASTELLANOS CRISTIAN CAMILO','3205628931','KR 54 # 2-71','0','PAULA.ZULUAGA@WORLEY.COM ',82),(99,30,'PAEZ LEAL VALENTINA ','3142821405','CLL 80A NO. 104- 58','0','YAMILES2506@HOTMAIL.COM',83),(100,18,'SEGURA MALAGON ANGELICA MARIA','3118030596','KR76# 75B-13','0','MARTHARO1608@GMAIL.COM',84),(101,25,'SOTELO CARDOZO FREDY SEBASTIAN','3118671686','CLL 133 152 21','0','HBRAVO@UNIMINUTO.EDU',21),(102,25,'VEGA HINCAPIE LEIDY JOHANNA','310761711','CL 70 A BIS A # 117 - 96','0','ESTHER.MORENO@COLSERAUTO.COM',85),(103,30,'MAHECHA HERNANDEZ VANESA ','3504004617','CL 103 #5C-43 ESTE INT 10 KM 4.5 VIA LA CALERA ','0','DIANA.BARRAGAN@CLARO.COM.CO',22),(104,31,'AREVALO CHAPARRO ALEJANDRA VALENTINA','3202040821','KR 74 D # 60 A 03 SUR','7804980','OCORREDOR@UNIMINUTO.EDU',36),(105,33,'PORTILLA BELTRAN LINA MARIA','3166615231','KR 94F # 86B-10','4625241','JCIFUENTES@UNIMINUTO.EDU',36),(106,35,'MORA ANGARITA PAULA DAYANNA','3232420764','KR 39 A BIS #29 A- 64 SUR','0','CACASTANEDA@UNIMINUTO.EDU',36),(107,23,'GARCIA MARTINEZ JESUS EDINSON','3137639619','CALLE 63 SUR # 78J - 38.','0','FGALLINATTI@SLB.COM',86),(108,41,'GONZALEZ ROMERO ADRIANA ALEJANDRA','3138602369','CL 144 # 136A - 09','0','PHORMAZA@BOMBEROSBOGOTA.GOV.CO',87),(109,38,'HEREDIA POSADA LIBARDO ANDRES','3508351972','KR 96 NO 72 - 83 ALAMOS NORTE ENGATIVA','2277491','LEIDY.CASTILLO@SIIGO.COM',88),(110,37,'AVILA PEDROZA NELSY JOHANA','3203074320','CL 19 SUR # 24-17 APTO 501','2526921','TESORERIA@COOPROFESORESUN.COOP',89),(111,21,'ALBARRACIN NUÑEZ YUDI MARCELA','3124197884','CL 140 A BIS NO 100 A - 33 SUBA SUBA','0','YOLIMAGARZON@CEC.ORG.CO',90),(112,23,'FUENTES SANCHEZ JULIAN ANDRES','3017802737','KR 49D # 86C - 24 ','7802737','ANDREA.AVENDANO@BOMBASYMONTAJES.COM',91),(113,31,'RICO OLAYA SHIRLEY FAISULY','3204923122','KR 72D # 90- 11 ','0','YLONDONOFAND@ATENTO.COM',36),(114,33,'SANCHEZ CADENA ANGIE VANESA','3134347736','CL 111BIS NO  4-10 ESTE','7623377','FMAHMUD@MAQUITECDECOLOMBIA.COM',92),(115,35,'RIVERA FLORIAN JESSICA TATIANA','3014275972','KR 74 # 81C-05','3204554374','RPINZON@UNIMINUTO.EDU',21),(116,22,'GONZALEZ RINCON LEIDY YINETH','3008610472','KR 48G SUR # 74 - 30','3143263720','OSCARCCONTADOR@HOTMAIL.COM',93),(117,23,'ALARCON SALCEDO KATHERINE ALEJANDRA','3002858642','KR 75I # 62 - 15 SUR','8112107','DIRECTORTESORERIA@ADMINISTRACIONMARCA.COM',94),(118,41,'MORA PULIDO ANA VICTORIA','3016005393','KR 94 NO 131D - 10 RINCON SUBA','5165321','SUPREMECO.GERENCIA@GMAIL.COM ',95),(119,37,'SANIN MOLINA ASHLEI GERALDINE','3204659337','KR 104 # 16 - 28','2039240','ASEPULVEDA@HEINSOHN,COM,CO',96),(120,21,'RIAÑO MESA NICOLAS ANDRES','3124102916','KR 116A # 23C-68','0','ALEXANDER.ROMERO@SICTE.COM',97),(121,23,'OSPINO CERRO CAMILA ANDREA','3214564832','CL 38 # 24B-32','3929193','TCASTRO@LABORATORIOSSMART.COM',98),(122,41,'CASTILLO VELANDIA YEIMMY DAYANA','3202697048','CL 12A # 71C - 61','0','SIGRAFIL10@GMAIL.COM',99),(123,42,'GONZALEZ FORERO MARIA FERNANDA','3233115026','CL 180 # 12 -16','3175607479','LILIAN.DARCO@UNIMINUTO.EDU',21),(124,42,'PARDO MACIAS VICTOR ALFONSO','3059227963','KR 87 # 69A - 63','9015194','INDALECIO.BOHORQUEZ@UNIMINUTO.EDU',21),(125,33,'SANCHEZ SALINAS KATHERINE MARIA CLAUDINA','3105786570','CL 10 A # 19 B 194 ','0','DIANA.TRUJILLO@BANCOUNION.COM',100),(126,36,'REYES CASTIBLANCO MAYERLY ','3004105440','KR 71B # 71A - 34','3035978','EPSANCHEZ@UNIMINUTO.EDU',21),(127,26,'AGUILAR RINCON CRISTIAN DAVID','3112778644','KRA 83A # 75 50 CASA 127','2235630','DDELGADILLO@BANCOFALABELLA.COM.CO',101),(128,26,'ROJAS VALLEJO JUAN FELIPE','3202608962','CL 52 SUR # 78G - 68','2996986','JGALVIZ@LAHIPOTECARIA.COM',102),(129,26,'LESMES RUIZ ALEJANDRA PAOLA','3102294281','KR 72A # 71A - 41','0','FERNANDO.MARTINEZR@UNIMINUTO.EDU.CO',21),(130,28,'CARDENAS SANCHEZ CARLOS ENRIQUE','3142340449','CRA 112 B NO 7924','6044040','OGALLET@BOSTTONMEDICAL.COM.CO',103),(131,29,'MOLINA PEREZ EDWIN NICOLAS','3016104643','KR 141 # 142 F 41 CS 140 ','0','BOGOTADIRCOMERCIAL@LAMUELA.COM.CO ',104),(132,27,'TIBATA ACOSTA SERGIO STEVEN','3123248719','TV 63 N°68B - 90 SUR CASA ','0','JMUNEVAR@INTECPLAST.COM.CO',105),(133,42,'NAVARRETE RINCON DAVID FELIPE','3228972493','CALLE 66 # 77 54','3225835288','Y.RAMOS@INMOBILIARIANEXTHOME.COM',106),(134,33,'ARAQUE BORDA LAURA ','3504835907','CALLE 75 SUR # 16 J 20','0','FGRACIA@BANCODEOCCIDENTE.COM.CO',40),(135,36,'MORA LOMBANA HOLMAN HOLVER','3144782708','CL 74 B NO 69 - 49 LAS FERIAS 10 ENGATIVA','4969477','CEMARMOLEJO@CREDIFINANCIERA.COM.CO',107),(136,25,'JIMENEZ QUIROZ DANIELA ','3015872829','KR 12D # 51 - 53 SUR','0','WILLIAM.BOLIVAR@EIASA.COM.CO',108),(137,26,'PRADA GONZALEZ TATIANA ALEJANDRA','3115790044','DIAGONAL 38 19 82','0','ALEJANDRA.FERRO@TELEFONICA.COM',109),(138,26,'VARGAS ROMERO YAZMIN ','3103090477','CALLE 190 NO 4A-67','3723236','LILIAN.DEARCO@UNIMINUTO.EDU',21),(139,28,'AMAYA CESPEDES HERNANDO ','3002922270','CALLE 75B # 80 A 09','0','JIZQUIERDO@UNIMINUTO.EDU ',21),(140,29,'PEREZ ARRIETA LUIS ANGEL','3044124552','CL 130A #88A - 30','0','CRISTOBAL.MARTINEZ@CASAIDEAS.COM',20),(141,18,'TRIVIÑO RETAVISCA MARIA FERNANDA','3152001746','KR 89A #93-27','6063082','BIBIANA.BERNAL@JBSOLUCIONES.CO',110),(142,25,'AVILA CUERVO JUAN DIEGO','3219215381','DG 83 B # 76A -27','0','GABRIEL.ESQUIVEL@GRUPO-SYZ.COM',111),(143,25,'BARRERA MOSQUERA CRISTHIAN GEOVANY','3144568496','KR 70C # 2-28','0','EDUAN.SUAREZ@ONELINKBPO.COM',112),(144,30,'MENDOZA BARRETO ADRIAN DAVID','3503964038','CL 128A # 89- 99 T1 AP 1907','3193181239','JOHANA.PEREZ@CO.GT.COM',113),(145,33,'ESPINOSA ESPINOSA DIANA CATERINE','3043377951','CL 181C # 10A - 38 ','3023935221','JENNY.TRIANA@D1.COM.CO',114),(146,35,'VALENCIA DIAZ CARLOS ALBERTO','3226496320','DG 7A #0C-40','0','DIANA.AVILA@UNIMINUTO.EDU',21),(147,22,'RODRIGUEZ CARRANZA TATIANA ','3203421591','KR 94 N NO 93 - 27 LUIS CARLOS GALAN 10 ENGATIVA','9421601','DASANCHEZR@REGISTRADURIA.GOV.CO',20),(148,23,'SUSATAMA SUAREZ DANIEL RICARDO','3223100277','VRD CUBIA SECTOR LA CHUCUA FINCA LAS FLORES','0','ARINCON@METRO-OP.COM',115),(149,41,'SANCHEZ GONZALEZ GERMAN ALEJANDRO','3004588772','CL 65B # 88-28','8040728','ADMISIONES@CAMPOALTO.EDU.CO',116),(150,38,'CORTEZ MOLANO JOHAN SEBASTIAN','3112917540','CL 67 NO 69A - 21 LA ESTRADA 10 ENGATIVA','0','GERENCIA@AEROTAPIZ.COM',117),(151,37,'DIAZ LARROTA LUIS SEBASTIAN','3041124329','CL 4D # 67-18','3134341332','NATHALY.PUENTES@UNIMINUTO.EDU',21),(152,21,'MARTINEZ SANCHEZ OSCAR FELIPE','3107517671','KR 1A ESTE # 43 - 05 SUR','0','TESORERIA@COLEGIOSMINUTODEDIOS.EDU.CO',26),(153,23,'MARTINEZ VILLAMIL BRAYAN MAURICIO','3134084723','CRA 93 # 132 - 73','0','SALVAJE.CONTABILIDAD@GMAIL.COM',118),(154,31,'ZAQUE CAÑON BRAYAN DAVID','3156748049','KR 93A # 76-50 ','7066425','MGARZON@JUANGAVIRIA.COM',119),(155,33,'RODRIGUEZ DURAN JAHN CARLOS','3102734498','KR 75 C  # 61 46 SUR','0','CONTABILIDAD@SIFAPTECNOLOGIA.COM',120),(156,35,'LUNA SOTO ANGIE JULIETH','3138118001','CL 159B #7F-22','3192625771','MONICA.RODRIGUEZS@UNIMINUTO.EDU',21),(157,22,'PARRA AVILA JOHN ALEXANDER','3153630617','KR 78 BIS # 76 - 81','9350604','ADMINISTRATIVA@GRUPOTECNOLOGICO.ORG',121),(158,23,'CEBALLOS BENITEZ PAULA ESTHER','3128209254','CARRERA 101 # 151-33','0','DIANA.RODRIGUEZ@INRED.COM.CO ',122),(159,38,'GUALDRON BRAVO ANA MARIA','3142946543','CL 56 G NO 90 B - 42 BOSA CABAÑA BOSA 07','0','GERENCIACOMERCIAL@GRUMAS.COM',123),(160,37,'BONILLA DUEÑAS SINDY NATHALY','3008283776','KR 108 # 78C - 53','0','CONTABILIDAD@PRODUCTIVIDADEMPRESARIAL.COM.CO',124),(161,21,'LADINO DOMESQUI YURY MARCELA','3203869548','CL 137 # 128B - 01 CASA 156','0','NOMADATIWEB@GMAIL.COM',125),(162,23,'FARFAN HUERFANO BETY MILENA','3058159740','KR 141 A BIS 143 B 88','4628270','JEFEDECONTABILIDAD@MARLONBECERRA.CO',126),(163,26,'GUTIERREZ PINEDA DUVER ERNEY','3209473955','TV 13 F BIS ESTE # 47 C-82 SUR','7756599','LUIS_PENAGOS@EFICACIA.COM.CO',127),(164,26,'DEL DUCA ROJAS SUSANA ','3242902912','KR 117A #70 - 49','3608211','CONTADOR@COLMALLAS.COM',128),(165,29,'ZABALA FUQUEN ANGIE PAOLA','3224274235','KR 13A NO 71B - 50SUR JUAN REY SAN CRISTOBAL','0','SCALDERON.INTERANDINA@GRUPOETRA.COM',130),(166,27,'BOTACHE MORALES PAOLA ANDREA','3208314144','CALLE 75B #16H - 64 SUR ','7652957','WWW.PROQUINAL.COM',131),(167,33,'URIBE CALVO LUISA FERNANDA','3188170716','CL 70 C # 77 L 26','9201273','ESCOBAERHERRERALAURAALEJANDRA@GMAIL.COM',132),(168,26,'NAVARRO MARQUEZ GABRIELA ANDREA','3187736847','CL 149A #117-52 APTO.201','13008356','HENRY.ESQUIVIA@UNIMINUTO.EDU',21),(169,26,'BERNAL GUTIERREZ ANGIE GABRIELA','3172762535','KR 4B # 55 -26 SUR','5993700','LUZ.JUNCO@ATENTO.COM',36),(170,26,'ARAQUE CELY KAREN DANELLY','3138029124','CL 68 SUR # 73B 12','4803236','DIRCONTABLE@PROVERCOL.COM',133),(171,29,'ROBAYO DIAZ YENIFER CAROLINA','3102374986','CALLE 86A  # 95 - 16','0','VIVIANA.PINZON@ACCOR.COM',134),(172,27,'ESTUPIÑAN BARBOSA MAYERLY ','3232115243','KR 140 A # 132 A - 11','0','LEIDY.ORJUELATELLEZ@TELEPERFORMANCE.COM',83),(173,18,'LOZANO RAMIREZ MARIA VALENTINA','3102203659','KR 102 # 70- 76 CASA 17','0','JOHEROJAS@HELICENTRO.COM.CO',135),(174,25,'LOZANO HURTADO INGRID DANIELA','3134927571','AC 1# 11A- 18','0','CONTABILIDAD@ASOCIANDOTALENTOS.COM',136),(175,30,'PEREZ SANCHEZ SERGIO DAVID','3173824509','KR 78N BIS B #53 -24 SUR','0','LILIANA.PENA@CONEXACOL.COM.ES',137),(176,28,'VARGAS BECERRA DANIEL ','3132213521','CL 166 #8H - 20','8047431','ADMINISTRATIVA@FIERROSEGUROS.COM',138),(177,29,'SANABRIA MOLINA YUNEIDY ALEJANDRA','3219416113','TRANSVERSAL 70H # 77A - 24','0','JCAMARGO@PLANETA.COM.CO',139),(178,27,'GALVIS MUNERA EDWARD SANTIAGO','3108162321','CALLE 79C NRO 113-05','8043908','GLORIA.ACERO@GRUPOCONECTAR.CO',140),(179,42,'BOBADILLA CASTRO JUANA VALENTINA','3112045104','CL. 17D #118 B-15','14180406','SANDRA.DIAZ1@OTIS.COM',141),(180,33,'HERRERA MARTINEZ SANTIAGO ANDRES','3224704743','KR 2A #127B-43','3935508','EDWIN.ACEVEDO@COMDATAGROUP.COM',142),(181,36,'ARAGON VACCA MARIA TERESA','3192643168','CL 90 ·90 - 45','0','LIZETH.CONTABLE@GMAIL.COM',143),(182,25,'TORRES ROMERO ESTEFANIA ','3187542083','KM 1.8 VÍA SIBERIA TENJO BARRIO SAN ISIDRO  ','0','JOHAN.LONDONOSA@COLSUBSIDIO.COM',23),(183,26,'WILCHES CAÑON MICHAEL STEVEN','3108187472','KR 86 # 77 - 16 ','13948182','DESPETA@MESOFOODS.COM',144),(184,26,'GUERRA GALINDO INGRID LORENA','3164075542','KR 5D NO 6B - 34 URBANIZACIÓN SAN MARCOS FUNZA','0','ALOPEZP@ALCALDIASOACHA.GOV.CO',145),(185,26,'ROBAYO FLOREZ KAREN NATALY','3154104930','KR 5M #49D 24','0','LAYIOSPINA@GMAIL.COM',146),(186,28,'BALASNOA MENDOZA MONICA ANDREA','3212923630','KR 100A #71B-85','0','MDELGADOC@CREDIFINANCIERA.COM.CO',147),(187,29,'JOVEN SEGURA ALEXANDRA ','3173428647','KR 137 BIS # 132F -33','0','MATIZDENT@GMAIL.COM',148),(188,27,'MORALES ALVIS LIZETH ESTEFANIA','3223655200','CL 41 SUR # 27-52','0','FINANCIERO@SEGURIDADSANCARLOS.COM',149),(189,18,'CADENA MARTIN LAURA GABRIELA','3228983535','KR 83 A NO 75 - 50 LA GRANJA 10 ENGATIVA','0','JSANCHEZ@CREDIFINANCIERA.COM.CO',147),(190,25,'ACOSTA FORERO PAULA VALENTINA','3134263314','CL 71 F BIS SUR #14X-09','3105736086','CABARRERA@PRICESMART.COM',150),(191,25,'SUAREZ CERINZA DAVID SANTIAGO','3223202219','KR 3 A ESTE # 160A-20','6772506','LINA.CORONADO@EMTELCO.COM.CO',151),(192,30,'BARRERA OBREGON ANGIE MARITZA','3214643101','CRA 14 F ESTE N 48-39','0','ALEJANDRA.PINEDA.A@UNIMINUTO.EDU',36),(193,18,'GUZMAN VILLABON GERALDYN ','3124230823','KR 109 # 151C- -25','0','CBETANCUR@UNIMINUTO.EDU',129),(194,25,'MONTOYA ROJAS JUAN PABLO','3173178706','KR 121F #128-64','0','ESGARCIA@PRICESMART.COM / YSOLIS@UNIMINUTO.EDU',150),(195,25,'ACOSTA RUIZ SEBASTIAN ','3004193733','KR 89 # 130D - 07','6810206','AMIGOFIELPETSHOP@YAHOO.COM',152),(196,30,'JEREZ BLANCO JENNY ANDREA','3134267865','CL 130C # 93B - 44','5192590','JEFE_NOMINA@COLVISEG.COM',153),(197,31,'FONSECA SUAREZ JULIAN ANDRES','3102800024','KR 102A # 130D-03','6840950','SERVICIOALCLIENTE@SANLORENZO.COM.CO',154),(198,33,'RODRIGUEZ BELTRAN JESSICA PAOLA','3227097441','KR 103B # 154 61','0','AMENA@WODEN.COM.CO',155),(199,35,'LIZARASO LAGOS LAURA KATERINE','3167449274','CL 68 # 91 - 05','4322440','LGOMEZ@ARKOS.COM.CO',156),(200,22,'CORREDOR GUAYARA SANTIAGO ','3245461976','KR 77B # 65A - 18','0','IL.GOMEZ@NH-HOTELS.COM',157),(201,23,'LOPEZ VALERA ESTHER JULIANNY','3202683347','CL 106 # 15A - 50','3138591729','OMARHM74@HOTMAIL.COM',158),(202,41,'MANCIPE ROMERO DIANA PAOLA','3012629897','KR 38A # 1D - 40 INT 13','4560846','SAISPEGUE@GM,AIL.COM',159),(203,38,'VAHOS BASTIDAS ERIK DANIEL','3168678395','KR 14A # 9 - 88S ','0','COPYMASTERT@GMAIL.COM',160),(204,37,'SORIANO MORENO LUZ ANGELA','3213074713','CRT - 1 N NORTE NO 345 A NORTE - - 1 AD AAA AV AAAA LUZ20SORIANO@GMAIL C SUBA','0',' SERGIOPEDRAZA@PYPMEDIOS.COM',161),(205,21,'LEAL MENDIVELSO LAURA SOFIA','3102240949','KR 94 H # 86 - 49','3125562263','TATIANA.CASTILLO@BOMBAI.CO',162),(206,23,'RAMIREZ RONCANCIO DAVID HUMBERTO','3042548101','CL 84 A BIS # 87 A- 15','2764259','DANCOLTDA@HOTMAIL.COM',163),(207,31,'CAMARGO PABA KAREN JULIANA','3212770955','CALLE 72B # 108A - 26','0','CATALINA.MORENO@CLARO.COM.CO',22),(208,33,'VANEGAS VALLEJO LAURA JIMENA','3123412268','CL 130 # 126 -96 ','0','CCARO@CREDIVALORES.COM',107),(209,35,'GARAVIÑO ROMERO SEBASTIAN ','3506489741','CL 5A # 14B-15 ','0','WENDY.AZUERO@LOGWIN-LOGISTICS.COM',164),(210,22,'NEVA URREGO KELLY TATIANA','3144211916','CARRERA 12 A #1-16','3333333','CONTABILIDAD@SAIRAMUEBLES.COM',165),(211,23,'RUIZ VARGAS JONATHAN STIVEN','3168118816','CL 83 A #114-84','0','JAVIER.SANCHEZ-P@UNIMINUTO.EDU.CO',36),(212,41,'CAMELO HERNANDEZ KEVIN STIVEN','3115028707','CLL 129 A # 124-16','8129063','AUGUSTO.SAENZ@OCENSA.COM.CO',166),(213,38,'AGUDELO GAITAN ERIKA PAOLA','3107810717','KR 107 NO 77 A - 39 GARCES NAVAS ENGATIVA','0','DIESELPARYTURBOS@HOTMAIL.COM',167),(214,37,'ZABALA CASTILLO LINA TATIANA','3138816613','CL 132A NO 134 - 22 TOSCANA SUBA','0','DIRECCION.ABASTECIMIENTO@EDEXA.COM.CO',168),(215,21,'AVILA CONTRERAS JUAN SEBASTIAN','3107644507','KR 81A  # 82 -09','0','RAMIROAVILACONTRERAS@GMAIL.COM ',169),(216,23,'CAMACHO LUNA SOL VIVIANA','3105579674','DG 83#73-15 APTO 302 TORRE 16 ','0','3005333882',21),(217,41,'CARDONA SASTOQUE LEIDY LORENA','3132595764','CR 3 N 1A 37','0','CAMILOCUBILLOS.ANDRES@GMAIL.COM',170),(218,42,'PRIETO RESTREPO DANIEL MATEO','3224695653','DG 82 C # 73A - 80','0','JESUS.SALCEDO.M@UNIMINUTO.EDU',21),(219,42,'FLECHAS HERNANDEZ SARET JULIANA','3016817602','KR 95 I NO 91 A - 53 VILLA CRISTINA ENGATIVA','0','DIR.FINANCIERO@ECCARGOSA.COM',171),(220,33,'GUTIERREZ RODRIGUEZ LEIDY PAOLA','3023058119','CL 73 # 113 A 44','0','DIRECTOR.CONTABLE@MICROHOME.COM.CO',172),(221,36,'CORDOBA MEZA DARLYS ','3217457356','KR 107A#20B-28 INT 4','0','DYRIANO@KPMG.COM',173),(222,25,'JIMENEZ SERNA DANY ALEJANDRO','3125905687','KR 93 A N 73 A - 86 SANTA ROSITA 10 ENGATIVA','0','PVILLOTA@RCNTV.COM',174),(223,26,'MENDIVELSO PEDRAZA GABRIELA ','3146562189','CL 181C #13-91 INT 41 APTO 103','313461742','LILIANABARRERO@HOTMAIL.COM',175),(224,26,'FONSECA CONTRERAS PAULA ANDREA','3002756703','CL 52A 89A 16 SUR ','0','TATIANA.REYES@ABACOBPO.COM',176),(225,26,'SANCHEZ QUINTERO ANYI CATHERINE','3142563855','KR 118 # 14 - 55','0','ARAMIREZ@PROFIT-BI.COM',177),(226,28,'RAMIREZ GERSON MAURICIO','3125700114','CARRERA 73A BIS #64 C 47','7951046','ANDREA.BERNAL@IPSOS.COM',178),(227,29,'AGUDELO GONZALEZ KAREN YURLEY','3115703756','VEREDA EL CAUCHO, FINCA PALANDA, EL ROSAL CUNDINAMARCA','0','CINDY.MEJIA@ORDUZASOCIADOS.COM',179),(228,42,'GRANADOS RODRIGUEZ JULIETH MICHELLE','3112207937','CL 75 #87 - 50','3548094','DRENCISO@VISUALITI.CO',180),(229,33,'BOHORQUEZ CORDOBA ADRIANA ','3102189561','KR 68B # 67A - 35','4679701','ALEJANDRO.SANDOVAL@MENDEBAL.COM',181),(230,36,'AGUIRRE ALFONSO ERIKA LISBETH','3148083319','KR 57 160 90 ','3108450955','CONTABILIDAD@INGECONTROL.COM.CO ',182),(231,25,'PINZON ROZO JORGE ANDRES','3212377010','TV 69C # 68B - 26','7168516','COMERCIAL@INNOVASER.NET',183),(232,26,'MANCILLA ARENAS AURA CRISTINA','3143429552','CL 57 SUR # 102A - 09','5758109','ANDREA.GUTIERREZ@GWSPIRITS.COM',184),(233,26,'GARAVITO PRADA KAREN TATIANA','3108178864','KR 15 C NO 77 - 69 SUR DIVINO NIÑO CIUDAD BOLIVAR','6551385','CHRISTIAN.MORENO@ATENTO.COM',36),(234,26,'DIAZ LOMBO ERIKA VIVIANA','3003221699','CLL 129 54 75','0','JENNY.FIGUEREDO-EXT@AB-INBEV.COM',185),(235,29,'CASTELBLANCO SANCHEZ LESLIE DAYAM','3154343870','CALLE 42 G BIS SUR #89 C-07','3035801','LNIETO@RCNTV.COM',174),(236,27,'LOPEZ ROJAS JUAN SEBASTIAN','3022647943','CL 38 #31 0118 C94','0','CONSEJEROS_CAPH@OUTLOOK.COM',186),(237,18,'BAUTISTA ANGIE MARCELA','3102778586','KR 77 69 A 70','3133219560','DANIELA.QUINTANA@PGA.COM.CO',187),(238,25,'DIAZ ROCHA ANYELI VALENTINA','3212659078','CLL 63 B SUR # 18J - 44','7921271','DIANA.VILLARRAGA@SIIGO.COM',88),(239,25,'CARRANZA RODRIGUEZ KAREN JULIETH','3053852350','TV 18 A BIS D #61 B SUR 94','7910533','MMONTANO@UNIMINUTO.EDU',188),(240,31,'MONROY ADRIAN CAMILO','3118751865','KR 109 # 20B 46','5489653','SARAMAYBEL@HOTMAIL.COM',189),(241,33,'GONZALEZ PEÑA VIVIANA YANIVER','3223946300','CL 64C # 113C-45','3223949','SUBGERENTE.CONTABILIDAD1@INTERRAPIDISIMO.COM ',190),(242,35,'SALINAS SUA NICOLLE DAYAN','3132046718','DG 85 #85-30','0','MYRIAM.MORENO@UNIMINUTO.EDU',21),(243,22,'OVALLE ORTIZ JUAN DAVID','3014070060','CL 138A # 152 - 45','0','BORTIZ@ULSCARGO.COM',191),(244,23,'LOZADA PINEDA MILLER ARTURO','3205772089','CL 90 #95 - 26 INT 104','2277700','YENNI.BELTRAN@DISLICORES.COM',192),(245,41,'ORDOÑEZ TELLEZ HEIDY CARINA','3138108049','CL 10 A # 19 B 194','0','LAMAYA@ACCESACONSULTING.COM',193),(246,38,'ROJAS GONZALEZ ALEJANDRA ','3142707732','KR 102 # 155 50','2305680','TALENTO.HUMANO@TECHMOTORSAS.COM',194),(247,37,'REYES FRANCO MICHAEL STEVEN','0','CR 117A N 65-21','9156600','ALMACEN.NORTE@HOTMAIL.COM',195),(248,21,'MARTINEZ GARCIA JULIANA ANDREA','3228203947','CL 52 F SUR #29-63','7974434','SOCIOCONSULTOR@CGICONSULTORIA.COM',196),(249,23,'ACOSTA GUERRERO YEIMY CONSTANZA','3215980702','CL 132 # 153 - 74','0','CONTABILIDAD@ACERMETALICAS.COM.CO',197),(250,31,'BOHORQUEZ ANGIE NATALIA','3154268665','CL 69 B # 121 - 31','0','CONTRATACION@LUTEC.COM.CO',198),(251,33,'PEREZ LEGUIA SHERYLIN ','3144190168','CL 171 B # 6 A 16','0','FELICIDAD@POKECOLOMBIA.CO ',199),(252,35,'DIAZ CORTES JONATHAN CAMILO','3044185663','CRA 77V BIS #51A-25 SUR','0','ADMON@LOLAARDILA.COM',200),(253,22,'ARTEAGA DANIELA ','3015058972','KR 17 ESTE 60 A - 48','0','WOTALORA@LATINO-BI.COM',201),(254,23,'VILLAMIL RAMOS MARIA JOSE','3246818660','CL 83 # 95-34','0','CASADELCRISTAL@GMAIL.COM',202),(255,41,'CASTELBLANCO EDWAR ALEXIS','3134961780','CL 42 G BIS SUR 89 C 37','0','GQUIROGA@TESSI.CO',203);
/*!40000 ALTER TABLE `p_estudiante` ENABLE KEYS */;
UNLOCK TABLES;

--
-- Table structure for table `p_practica`
--

DROP TABLE IF EXISTS `p_practica`;
/*!40101 SET @saved_cs_client     = @@character_set_client */;
/*!50503 SET character_set_client = utf8mb4 */;
CREATE TABLE `p_practica` (
  `id_practica` int NOT NULL AUTO_INCREMENT,
  `id_programa` int NOT NULL,
  `id_estudiante` int NOT NULL,
  `id_empresa` int NOT NULL,
  `fec_inicio` date NOT NULL,
  `fec_termina` date DEFAULT NULL,
  `dias_pract` int DEFAULT NULL,
  PRIMARY KEY (`id_practica`),
  KEY `fk_p_practica_p_programa_idx` (`id_programa`),
  KEY `fk_p_practica_p_estudiante1_idx` (`id_estudiante`),
  KEY `fk_p_practica_p_empresa1_idx` (`id_empresa`),
  CONSTRAINT `fk_p_practica_p_empresa1` FOREIGN KEY (`id_empresa`) REFERENCES `p_empresa` (`id_empresa`),
  CONSTRAINT `fk_p_practica_p_estudiante1` FOREIGN KEY (`id_estudiante`) REFERENCES `p_estudiante` (`id_estudiante`),
  CONSTRAINT `fk_p_practica_p_programa` FOREIGN KEY (`id_programa`) REFERENCES `p_programa` (`id_programa`)
) ENGINE=InnoDB AUTO_INCREMENT=264 DEFAULT CHARSET=utf8mb3;
/*!40101 SET character_set_client = @saved_cs_client */;

--
-- Dumping data for table `p_practica`
--

LOCK TABLES `p_practica` WRITE;
/*!40000 ALTER TABLE `p_practica` DISABLE KEYS */;
INSERT INTO `p_practica` VALUES (27,3,26,20,'2022-07-10','2024-01-09',548),(28,4,27,21,'2022-02-16','2023-08-15',545),(29,4,28,22,'2022-02-09','2023-08-08',545),(30,4,29,22,'2022-01-19','2023-07-18',545),(31,4,30,23,'2022-01-14','2023-07-13',545),(32,4,31,23,'2022-01-10','2023-07-09',545),(33,4,32,24,'2021-12-19','2023-06-18',546),(34,3,33,25,'2021-12-07','2023-06-06',546),(35,3,34,26,'2022-07-21','2024-01-20',548),(36,4,35,23,'2022-01-06','2023-07-05',545),(37,4,34,26,'2022-03-13','2023-09-12',548),(38,3,36,27,'2022-02-28','2023-09-29',578),(39,4,37,28,'2022-01-31','2023-07-29',544),(40,3,38,29,'2022-03-22','2023-09-21',548),(41,3,39,30,'2022-01-11','2023-07-10',545),(42,4,40,21,'2022-07-31','2024-01-29',547),(43,4,41,21,'2022-06-30','2023-12-29',547),(44,3,42,31,'2022-01-23','2023-07-22',545),(45,3,43,32,'2022-07-17','2024-01-16',548),(46,3,44,33,'2022-07-31','2024-01-30',548),(47,3,45,34,'2022-07-17','2024-01-16',548),(48,3,46,35,'2022-08-22','2024-02-21',548),(49,4,47,36,'2023-01-23','2024-01-22',364),(50,4,48,23,'2022-12-21','2023-12-20',364),(51,4,49,37,'2023-01-03','2024-01-02',364),(52,4,50,38,'2022-12-12','2023-12-11',364),(53,4,51,39,'2023-01-09','2024-01-08',364),(54,4,52,40,'2023-01-25','2024-01-24',364),(55,4,53,39,'2023-01-22','2024-01-21',364),(56,3,47,36,'2022-12-04','2024-06-03',547),(57,3,54,41,'2023-01-10','2024-07-09',546),(58,3,55,42,'2023-01-22','2024-07-21',546),(59,3,56,43,'2022-12-25','2024-06-24',547),(60,3,57,44,'2023-01-11','2024-07-10',546),(61,3,58,45,'2023-01-01','2024-07-01',547),(62,5,47,36,'2022-12-04','2023-12-03',364),(63,6,59,46,'2023-01-09','2023-07-08',180),(64,4,60,36,'2022-07-21','2023-07-20',364),(65,3,61,47,'2022-02-18','2023-08-17',545),(66,4,62,48,'2022-07-31','2023-07-30',364),(67,4,63,49,'2023-01-25','2024-07-25',547),(68,4,64,50,'2023-01-31','2023-05-31',120),(69,3,65,51,'2023-01-01','2023-06-30',180),(70,4,66,21,'2023-02-05','2023-06-02',117),(71,3,67,52,'2023-02-05','2023-06-02',117),(72,5,68,53,'2023-02-05','2023-06-02',117),(73,3,69,54,'2023-02-05','2023-06-02',117),(74,3,70,55,'2023-02-05','2023-06-02',117),(75,3,71,56,'2023-02-05','2023-06-02',117),(76,4,72,57,'2023-02-05','2023-06-02',117),(77,3,73,58,'2023-02-05','2023-06-02',117),(78,4,74,59,'2023-02-05','2023-06-02',117),(79,3,75,60,'2022-08-02','2022-11-26',116),(80,3,76,61,'2023-02-05','2023-06-02',117),(81,3,77,62,'2023-02-05','2023-06-02',117),(82,3,78,63,'2023-02-05','2023-06-02',117),(83,3,79,64,'2023-02-05','2023-06-02',117),(84,4,80,65,'2023-02-05','2023-06-02',117),(85,3,81,66,'2023-02-05','2023-06-02',117),(86,3,82,67,'2023-02-05','2023-06-02',117),(87,3,83,68,'2023-02-05','2023-06-02',117),(88,3,84,69,'2023-02-05','2023-06-02',117),(89,3,85,40,'2023-02-05','2023-06-02',117),(90,3,86,70,'2023-02-05','2023-06-02',117),(91,3,87,71,'2023-02-05','2023-06-02',117),(92,4,88,72,'2023-02-05','2023-06-02',117),(93,3,89,73,'2023-02-05','2023-06-02',117),(94,3,90,74,'2023-02-05','2023-06-02',117),(95,3,91,75,'2023-02-05','2023-06-02',117),(96,3,92,76,'2023-02-05','2023-06-02',117),(97,3,93,77,'2023-02-05','2023-06-02',117),(98,3,94,78,'2023-02-05','2023-06-02',117),(99,3,95,79,'2023-02-05','2023-06-02',117),(100,3,96,80,'2023-02-05','2023-06-02',117),(101,4,97,81,'2023-02-05','2023-06-02',117),(102,4,98,82,'2023-02-05','2023-06-02',117),(103,4,99,83,'2023-02-05','2023-06-02',117),(104,4,100,84,'2023-02-05','2023-06-02',117),(105,3,101,21,'2023-02-05','2024-08-04',546),(106,3,102,85,'2023-01-31','2024-01-30',364),(107,4,103,22,'2023-01-31','2024-07-30',546),(108,4,104,36,'2023-01-31','2024-01-30',364),(109,4,105,36,'2023-01-31','2024-01-30',364),(110,3,106,36,'2023-01-31','2024-07-30',546),(111,3,107,86,'2023-01-30','2023-07-29',180),(112,4,108,87,'2023-02-12','2023-07-11',149),(113,3,109,88,'2023-02-05','2023-06-02',117),(114,3,110,89,'2023-02-05','2023-06-02',117),(115,3,111,90,'2023-02-05','2023-06-02',117),(116,3,112,91,'2023-02-05','2023-06-02',117),(117,3,113,36,'2023-02-05','2023-06-02',117),(118,6,114,92,'2023-02-05','2023-06-02',117),(119,3,115,21,'2023-02-05','2023-06-02',117),(120,3,116,93,'2023-02-05','2023-06-02',117),(121,3,117,94,'2023-02-05','2023-06-02',117),(122,3,118,95,'2023-02-05','2023-06-02',117),(123,4,119,96,'2023-02-05','2023-06-02',117),(124,5,120,97,'2023-02-05','2023-06-02',117),(125,5,121,98,'2023-02-05','2023-06-02',117),(126,4,122,99,'2023-02-05','2023-06-02',117),(127,3,123,21,'2023-02-05','2023-06-02',117),(128,5,124,21,'2023-02-05','2023-06-02',117),(129,3,125,100,'2023-02-05','2023-06-02',117),(130,4,126,21,'2023-02-05','2023-06-02',117),(131,5,66,21,'2023-02-05','2023-06-02',117),(132,3,127,101,'2023-02-05','2023-06-02',117),(133,4,128,102,'2023-02-05','2023-06-02',117),(134,5,129,21,'2023-02-05','2023-06-02',117),(135,5,130,103,'2023-02-05','2023-06-02',117),(136,5,131,104,'2023-02-05','2023-06-02',117),(137,4,132,105,'2023-02-05','2023-06-02',117),(138,3,133,106,'2023-02-05','2023-06-02',117),(139,4,134,40,'2022-01-17','2023-07-16',545),(140,4,135,107,'2022-01-02','2023-07-01',545),(141,4,136,108,'2023-02-05','2023-06-02',117),(142,4,137,109,'2023-02-05','2023-06-02',117),(143,3,138,21,'2023-02-05','2023-06-02',117),(144,4,139,21,'2023-02-05','2023-06-02',117),(145,3,140,110,'2022-08-01','2024-01-31',548),(146,3,141,111,'2023-02-05','2023-06-02',117),(147,3,142,112,'2022-09-01','2023-03-01',181),(148,3,143,113,'2022-04-21','2023-10-20',547),(149,3,144,114,'2023-02-05','2023-06-02',117),(150,4,145,115,'2022-01-23','2023-07-22',545),(151,4,146,21,'2022-02-09','2023-08-08',545),(152,4,147,116,'2023-02-05','2023-06-02',117),(153,3,148,117,'2023-02-05','2023-06-02',117),(154,5,149,118,'2023-02-05','2023-06-02',117),(155,5,150,119,'2023-02-05','2023-06-02',117),(156,5,151,21,'2022-09-13','2023-09-12',364),(157,3,152,26,'2022-07-21','2024-01-20',548),(158,3,153,120,'2023-02-05','2023-06-02',117),(159,5,154,121,'2023-02-05','2023-06-02',117),(160,3,155,122,'2023-02-05','2023-06-02',117),(161,5,156,21,'2022-10-11','2023-10-10',364),(162,3,157,123,'2022-01-31','2023-07-30',545),(163,3,158,124,'2023-02-05','2023-06-02',117),(164,3,66,21,'2023-02-05','2023-06-02',117),(165,4,159,125,'2023-02-05','2023-06-02',117),(166,3,160,126,'2023-02-05','2023-06-02',117),(167,3,161,127,'2023-02-05','2023-06-02',117),(168,3,162,128,'2023-02-05','2023-06-02',117),(169,5,163,129,'2023-02-05','2023-06-02',117),(170,3,164,130,'2023-02-05','2023-06-02',117),(171,4,139,131,'2023-02-05','2023-06-02',117),(172,3,165,132,'2023-02-05','2023-06-02',117),(173,3,166,133,'2023-02-05','2023-06-02',117),(174,4,167,134,'2023-02-05','2023-06-02',117),(175,3,168,21,'2023-02-05','2023-06-02',117),(176,3,169,36,'2022-07-28','2024-01-27',548),(177,3,170,135,'2023-02-05','2023-06-02',117),(178,3,171,136,'2023-02-05','2023-06-02',117),(179,4,172,83,'2023-02-05','2023-06-02',117),(180,3,173,137,'2023-02-05','2023-06-02',117),(181,3,174,138,'2022-07-17','2024-01-16',548),(182,4,175,139,'2023-02-05','2023-06-02',117),(183,4,176,140,'2023-02-05','2023-06-02',117),(184,3,177,141,'2022-01-10','2023-07-09',545),(185,4,178,142,'2023-02-05','2023-06-02',117),(186,3,179,143,'2022-01-10','2023-07-09',545),(187,4,180,144,'2022-02-21','2023-08-20',545),(188,3,181,145,'2023-02-05','2023-06-02',117),(189,4,182,23,'2022-01-06','2023-07-05',545),(190,3,183,146,'2022-01-05','2023-07-04',545),(191,4,184,147,'2023-02-05','2023-06-02',117),(192,3,185,148,'2023-02-05','2023-06-02',117),(193,3,186,149,'2022-07-31','2024-01-30',548),(194,3,187,150,'2023-02-05','2023-06-02',117),(195,3,188,151,'2023-02-05','2023-06-02',117),(196,3,189,149,'2022-03-06','2023-09-05',548),(197,4,190,152,'2022-02-02','2023-08-01',545),(198,4,191,153,'2022-02-10','2023-08-09',545),(199,4,192,36,'2022-07-21','2023-07-20',364),(200,4,193,131,'2022-01-03','2023-09-29',634),(201,4,194,152,'2022-02-02','2023-08-01',545),(202,3,195,154,'2023-02-05','2023-06-02',117),(203,4,196,155,'2022-05-08','2023-11-07',548),(204,4,197,156,'2023-02-05','2023-06-02',117),(205,3,198,157,'2023-02-05','2023-06-02',117),(206,4,199,158,'2023-02-05','2023-06-02',117),(207,4,200,159,'2023-02-05','2023-06-02',117),(208,3,201,160,'2023-02-05','2023-06-02',117),(209,3,202,161,'2023-02-05','2023-06-02',117),(210,4,203,162,'2023-02-05','2023-06-02',117),(211,3,204,163,'2022-09-04','2023-09-03',364),(212,3,205,164,'2023-02-05','2023-06-02',117),(213,3,206,165,'2023-02-05','2023-06-02',117),(214,3,207,22,'2022-02-09','2023-08-08',545),(215,3,208,107,'2022-07-05','2023-07-04',364),(216,3,209,166,'2022-02-28','2023-08-30',548),(217,3,210,167,'2023-02-05','2023-06-02',117),(218,4,211,36,'2022-06-30','2023-12-30',548),(219,3,212,168,'2022-08-07','2024-02-06',548),(220,3,213,169,'2023-02-05','2023-06-02',117),(221,4,214,170,'2023-02-05','2023-06-02',117),(222,3,215,171,'2023-02-05','2023-06-02',117),(223,3,216,21,'2023-02-05','2023-06-02',117),(224,3,217,172,'2023-02-05','2023-06-02',117),(225,4,218,21,'2022-10-11','2024-04-10',547),(226,3,219,173,'2023-02-05','2023-06-02',117),(227,3,220,174,'2022-05-11','2023-11-10',548),(228,3,221,175,'2023-02-05','2023-06-02',117),(229,3,222,176,'2023-02-05','2023-06-02',117),(230,3,223,177,'2023-02-05','2023-06-02',117),(231,3,224,178,'2023-02-05','2023-06-02',117),(232,4,225,179,'2023-02-05','2023-06-02',117),(233,4,226,180,'2023-02-05','2023-06-02',117),(234,3,227,181,'2023-02-05','2023-06-02',117),(235,4,228,182,'2023-02-05','2023-06-02',117),(236,3,229,183,'2023-02-05','2023-06-02',117),(237,3,230,184,'2022-07-24','2024-01-23',548),(238,3,231,185,'2023-02-05','2023-06-02',117),(239,3,232,186,'2022-08-31','2024-02-28',546),(240,3,233,36,'2022-08-31','2024-02-29',547),(241,4,234,187,'2023-02-05','2023-06-02',117),(242,4,235,176,'2023-02-05','2023-06-02',117),(243,3,236,188,'2023-02-05','2023-06-02',117),(244,3,237,189,'2023-02-05','2023-06-02',117),(245,3,238,88,'2023-02-05','2023-06-02',117),(246,3,239,190,'2023-02-05','2023-06-02',117),(247,6,66,21,'2023-02-05','2023-06-02',117),(248,3,240,191,'2023-02-05','2023-06-02',117),(249,3,241,192,'2023-02-05','2023-06-02',117),(250,4,242,21,'2022-10-11','2023-10-10',364),(251,3,243,193,'2023-02-05','2023-06-02',117),(252,6,244,194,'2023-02-05','2023-06-02',117),(253,3,245,195,'2023-02-05','2023-06-02',117),(254,3,246,196,'2023-02-05','2023-06-02',117),(255,3,247,197,'2023-02-05','2023-06-02',117),(256,3,248,198,'2023-02-05','2023-06-02',117),(257,3,249,199,'2023-02-05','2023-06-02',117),(258,3,250,200,'2023-02-05','2023-06-02',117),(259,4,251,201,'2023-02-05','2023-06-02',117),(260,3,252,202,'2023-02-05','2023-06-02',117),(261,4,253,203,'2023-02-05','2023-06-02',117),(262,4,254,204,'2023-02-05','2023-06-02',117),(263,3,255,205,'2023-02-05','2023-06-02',117);
/*!40000 ALTER TABLE `p_practica` ENABLE KEYS */;
UNLOCK TABLES;

--
-- Table structure for table `p_programa`
--

DROP TABLE IF EXISTS `p_programa`;
/*!40101 SET @saved_cs_client     = @@character_set_client */;
/*!50503 SET character_set_client = utf8mb4 */;
CREATE TABLE `p_programa` (
  `id_programa` int NOT NULL AUTO_INCREMENT,
  `nombre` varchar(150) NOT NULL,
  PRIMARY KEY (`id_programa`)
) ENGINE=InnoDB AUTO_INCREMENT=7 DEFAULT CHARSET=utf8mb3;
/*!40101 SET character_set_client = @saved_cs_client */;

--
-- Dumping data for table `p_programa`
--

LOCK TABLES `p_programa` WRITE;
/*!40000 ALTER TABLE `p_programa` DISABLE KEYS */;
INSERT INTO `p_programa` VALUES (3,'CONTADURÍA PÚBLICA'),(4,'ADMINISTRACIÓN DE EMPRESAS'),(5,'MERCADEO'),(6,'TC EN GESTIÓN DE MERCADEO');
/*!40000 ALTER TABLE `p_programa` ENABLE KEYS */;
UNLOCK TABLES;

--
-- Dumping events for database 'practicas'
--

--
-- Dumping routines for database 'practicas'
--
/*!40103 SET TIME_ZONE=@OLD_TIME_ZONE */;

/*!40101 SET SQL_MODE=@OLD_SQL_MODE */;
/*!40014 SET FOREIGN_KEY_CHECKS=@OLD_FOREIGN_KEY_CHECKS */;
/*!40014 SET UNIQUE_CHECKS=@OLD_UNIQUE_CHECKS */;
/*!40101 SET CHARACTER_SET_CLIENT=@OLD_CHARACTER_SET_CLIENT */;
/*!40101 SET CHARACTER_SET_RESULTS=@OLD_CHARACTER_SET_RESULTS */;
/*!40101 SET COLLATION_CONNECTION=@OLD_COLLATION_CONNECTION */;
/*!40111 SET SQL_NOTES=@OLD_SQL_NOTES */;

-- Dump completed on 2024-07-18 23:11:58
